<?xml version='1.0' encoding='UTF-8' standalone='no'?>
<doxygen xmlns:xsi="http://www.w3.org/2001/XMLSchema-instance" xsi:noNamespaceSchemaLocation="compound.xsd" version="1.13.2" xml:lang="en-US">
  <compounddef id="main_8c" kind="file" language="C++">
    <compoundname>main.c</compoundname>
    <includes local="no">stdio.h</includes>
    <includes local="no">stdlib.h</includes>
    <includes refid="antena_8h" local="yes">antena.h</includes>
    <includes refid="matriz_8h" local="yes">matriz.h</includes>
    <incdepgraph>
      <node id="4">
        <label>antena.h</label>
        <link refid="antena_8h"/>
      </node>
      <node id="1">
        <label>main.c</label>
        <link refid="main_8c"/>
        <childnode refid="2" relation="include">
        </childnode>
        <childnode refid="3" relation="include">
        </childnode>
        <childnode refid="4" relation="include">
        </childnode>
        <childnode refid="5" relation="include">
        </childnode>
      </node>
      <node id="5">
        <label>matriz.h</label>
        <link refid="matriz_8h"/>
        <childnode refid="4" relation="include">
        </childnode>
      </node>
      <node id="2">
        <label>stdio.h</label>
      </node>
      <node id="3">
        <label>stdlib.h</label>
      </node>
    </incdepgraph>
    <sectiondef kind="func">
      <memberdef kind="function" id="main_8c_1ae66f6b31b5ad750f1fe042a706a4e3d4" prot="public" static="no" const="no" explicit="no" inline="no" virt="non-virtual">
        <type>int</type>
        <definition>int main</definition>
        <argsstring>()</argsstring>
        <name>main</name>
        <briefdescription>
<para>Função principal do programa. Exibe menu para o utilizador interagir com a matriz e antenas. </para>
        </briefdescription>
        <detaileddescription>
<para>Permite carregar matriz de ficheiro, inserir/remover antenas, visualizar matriz e os efeitos nefastos</para>
<para><simplesect kind="return"><para>int Código de retorno do programa </para>
</simplesect>
</para>
        </detaileddescription>
        <inbodydescription>
        </inbodydescription>
        <location file="main.c" line="25" column="5" bodyfile="main.c" bodystart="25" bodyend="78"/>
      </memberdef>
    </sectiondef>
    <briefdescription>
    </briefdescription>
    <detaileddescription>
<para><simplesect kind="author"><para>Daniel Vilaça (<ulink url="mailto:a16939@alunos.ipca.pt">a16939@alunos.ipca.pt</ulink>) </para>
</simplesect>
<simplesect kind="version"><para>1.0 </para>
</simplesect>
<simplesect kind="date"><para>2025-03-30</para>
</simplesect>
<simplesect kind="copyright"><para>Copyright (c) 2025 </para>
</simplesect>
</para>
    </detaileddescription>
    <programlisting>
<codeline lineno="1"><highlight class="normal"></highlight></codeline>
<codeline lineno="11"><highlight class="normal"></highlight></codeline>
<codeline lineno="12"><highlight class="normal"></highlight><highlight class="preprocessor">#include<sp/>&lt;stdio.h&gt;</highlight><highlight class="normal"></highlight></codeline>
<codeline lineno="13"><highlight class="normal"></highlight><highlight class="preprocessor">#include<sp/>&lt;stdlib.h&gt;</highlight><highlight class="normal"></highlight></codeline>
<codeline lineno="14"><highlight class="normal"></highlight><highlight class="preprocessor">#include<sp/>&quot;<ref refid="antena_8h" kindref="compound">antena.h</ref>&quot;</highlight><highlight class="normal"></highlight></codeline>
<codeline lineno="15"><highlight class="normal"></highlight><highlight class="preprocessor">#include<sp/>&quot;<ref refid="matriz_8h" kindref="compound">matriz.h</ref>&quot;</highlight><highlight class="normal"></highlight></codeline>
<codeline lineno="16"><highlight class="normal"></highlight></codeline>
<codeline lineno="17"><highlight class="normal"></highlight></codeline>
<codeline lineno="25" refid="main_8c_1ae66f6b31b5ad750f1fe042a706a4e3d4" refkind="member"><highlight class="normal"></highlight><highlight class="keywordtype">int</highlight><highlight class="normal"><sp/><ref refid="main_8c_1ae66f6b31b5ad750f1fe042a706a4e3d4" kindref="member">main</ref>()<sp/>{</highlight></codeline>
<codeline lineno="26"><highlight class="normal"></highlight></codeline>
<codeline lineno="27"><highlight class="normal"><sp/><sp/><sp/><sp/><ref refid="struct_antena" kindref="compound">Antena</ref><sp/>*listaAntenas<sp/>=<sp/>NULL;</highlight></codeline>
<codeline lineno="28"><highlight class="normal"><sp/><sp/><sp/><sp/></highlight><highlight class="keywordtype">int</highlight><highlight class="normal"><sp/>linhas<sp/>=<sp/>0,<sp/>colunas<sp/>=<sp/>0;</highlight></codeline>
<codeline lineno="29"><highlight class="normal"><sp/><sp/><sp/><sp/></highlight><highlight class="keywordtype">int</highlight><highlight class="normal"><sp/>opcao;</highlight></codeline>
<codeline lineno="30"><highlight class="normal"><sp/><sp/><sp/><sp/></highlight><highlight class="keywordtype">char</highlight><highlight class="normal"><sp/>nomeFicheiro[100];</highlight></codeline>
<codeline lineno="31"><highlight class="normal"></highlight></codeline>
<codeline lineno="32"><highlight class="normal"><sp/><sp/><sp/><sp/></highlight><highlight class="keywordflow">do</highlight><highlight class="normal"><sp/>{</highlight></codeline>
<codeline lineno="33"><highlight class="normal"></highlight></codeline>
<codeline lineno="34"><highlight class="normal"><sp/><sp/><sp/><sp/><sp/><sp/><sp/><sp/>printf(</highlight><highlight class="stringliteral">&quot;\n1.<sp/>Load<sp/>da<sp/>matriz<sp/>de<sp/>ficheiro\n2.<sp/>Inserir<sp/>antena\n3.<sp/>Remover<sp/>antena\n4.<sp/>Exibir<sp/>Matriz\n5.<sp/>Sair\nEscolha:<sp/>&quot;</highlight><highlight class="normal">);</highlight></codeline>
<codeline lineno="35"><highlight class="normal"><sp/><sp/><sp/><sp/><sp/><sp/><sp/><sp/>scanf(</highlight><highlight class="stringliteral">&quot;%d&quot;</highlight><highlight class="normal">,<sp/>&amp;opcao);</highlight></codeline>
<codeline lineno="36"><highlight class="normal"></highlight></codeline>
<codeline lineno="37"><highlight class="normal"><sp/><sp/><sp/><sp/><sp/><sp/><sp/><sp/></highlight><highlight class="keywordflow">if</highlight><highlight class="normal"><sp/>(opcao<sp/>==<sp/>1)<sp/>{</highlight></codeline>
<codeline lineno="38"><highlight class="normal"></highlight></codeline>
<codeline lineno="39"><highlight class="normal"><sp/><sp/><sp/><sp/><sp/><sp/><sp/><sp/><sp/><sp/><sp/><sp/>printf(</highlight><highlight class="stringliteral">&quot;Nome<sp/>do<sp/>ficheiro:<sp/>&quot;</highlight><highlight class="normal">);</highlight></codeline>
<codeline lineno="40"><highlight class="normal"><sp/><sp/><sp/><sp/><sp/><sp/><sp/><sp/><sp/><sp/><sp/><sp/>scanf(</highlight><highlight class="stringliteral">&quot;%s&quot;</highlight><highlight class="normal">,<sp/>nomeFicheiro);</highlight></codeline>
<codeline lineno="41"><highlight class="normal"><sp/><sp/><sp/><sp/><sp/><sp/><sp/><sp/><sp/><sp/><sp/><sp/><ref refid="antena_8c_1a66ea723ccc8f6e107b0c215c4b2dd28f" kindref="member">libertarAntenas</ref>(listaAntenas);</highlight></codeline>
<codeline lineno="42"><highlight class="normal"><sp/><sp/><sp/><sp/><sp/><sp/><sp/><sp/><sp/><sp/><sp/><sp/>listaAntenas<sp/>=<sp/>NULL;</highlight></codeline>
<codeline lineno="43"><highlight class="normal"><sp/><sp/><sp/><sp/><sp/><sp/><sp/><sp/><sp/><sp/><sp/><sp/><ref refid="matriz_8c_1ae03a71ace65214ff61d91e0338498fc2" kindref="member">carregarMatrizDoFicheiro</ref>(nomeFicheiro,<sp/>&amp;listaAntenas,<sp/>&amp;linhas,<sp/>&amp;colunas);</highlight></codeline>
<codeline lineno="44"><highlight class="normal"></highlight></codeline>
<codeline lineno="45"><highlight class="normal"><sp/><sp/><sp/><sp/><sp/><sp/><sp/><sp/>}<sp/></highlight><highlight class="keywordflow">else</highlight><highlight class="normal"><sp/></highlight><highlight class="keywordflow">if</highlight><highlight class="normal"><sp/>(opcao<sp/>==<sp/>2)<sp/>{</highlight></codeline>
<codeline lineno="46"><highlight class="normal"></highlight></codeline>
<codeline lineno="47"><highlight class="normal"><sp/><sp/><sp/><sp/><sp/><sp/><sp/><sp/><sp/><sp/><sp/><sp/></highlight><highlight class="keywordtype">char</highlight><highlight class="normal"><sp/>freq;</highlight></codeline>
<codeline lineno="48"><highlight class="normal"><sp/><sp/><sp/><sp/><sp/><sp/><sp/><sp/><sp/><sp/><sp/><sp/></highlight><highlight class="keywordtype">int</highlight><highlight class="normal"><sp/>linha,<sp/>coluna;</highlight></codeline>
<codeline lineno="49"><highlight class="normal"></highlight></codeline>
<codeline lineno="50"><highlight class="normal"><sp/><sp/><sp/><sp/><sp/><sp/><sp/><sp/><sp/><sp/><sp/><sp/>printf(</highlight><highlight class="stringliteral">&quot;Frequencia:<sp/>&quot;</highlight><highlight class="normal">);</highlight></codeline>
<codeline lineno="51"><highlight class="normal"><sp/><sp/><sp/><sp/><sp/><sp/><sp/><sp/><sp/><sp/><sp/><sp/>scanf(</highlight><highlight class="stringliteral">&quot;<sp/>%c&quot;</highlight><highlight class="normal">,<sp/>&amp;freq);</highlight></codeline>
<codeline lineno="52"><highlight class="normal"><sp/><sp/><sp/><sp/><sp/><sp/><sp/><sp/><sp/><sp/><sp/><sp/>printf(</highlight><highlight class="stringliteral">&quot;Linha:<sp/>&quot;</highlight><highlight class="normal">);</highlight></codeline>
<codeline lineno="53"><highlight class="normal"><sp/><sp/><sp/><sp/><sp/><sp/><sp/><sp/><sp/><sp/><sp/><sp/>scanf(</highlight><highlight class="stringliteral">&quot;%d&quot;</highlight><highlight class="normal">,<sp/>&amp;linha);</highlight></codeline>
<codeline lineno="54"><highlight class="normal"><sp/><sp/><sp/><sp/><sp/><sp/><sp/><sp/><sp/><sp/><sp/><sp/>printf(</highlight><highlight class="stringliteral">&quot;Coluna:<sp/>&quot;</highlight><highlight class="normal">);</highlight></codeline>
<codeline lineno="55"><highlight class="normal"><sp/><sp/><sp/><sp/><sp/><sp/><sp/><sp/><sp/><sp/><sp/><sp/>scanf(</highlight><highlight class="stringliteral">&quot;%d&quot;</highlight><highlight class="normal">,<sp/>&amp;coluna);</highlight></codeline>
<codeline lineno="56"><highlight class="normal"><sp/><sp/><sp/><sp/><sp/><sp/><sp/><sp/><sp/><sp/><sp/><sp/><ref refid="antena_8c_1acc0269270f879978a2b329a200244697" kindref="member">inserirAntena</ref>(&amp;listaAntenas,<sp/>freq,<sp/>linha<sp/>-<sp/>1,<sp/>coluna<sp/>-<sp/>1);</highlight></codeline>
<codeline lineno="57"><highlight class="normal"></highlight></codeline>
<codeline lineno="58"><highlight class="normal"><sp/><sp/><sp/><sp/><sp/><sp/><sp/><sp/>}<sp/></highlight><highlight class="keywordflow">else</highlight><highlight class="normal"><sp/></highlight><highlight class="keywordflow">if</highlight><highlight class="normal"><sp/>(opcao<sp/>==<sp/>3)<sp/>{</highlight></codeline>
<codeline lineno="59"><highlight class="normal"></highlight></codeline>
<codeline lineno="60"><highlight class="normal"><sp/><sp/><sp/><sp/><sp/><sp/><sp/><sp/><sp/><sp/><sp/><sp/></highlight><highlight class="keywordtype">int</highlight><highlight class="normal"><sp/>linha,<sp/>coluna;</highlight></codeline>
<codeline lineno="61"><highlight class="normal"><sp/><sp/><sp/><sp/><sp/><sp/><sp/><sp/><sp/><sp/><sp/><sp/></highlight></codeline>
<codeline lineno="62"><highlight class="normal"><sp/><sp/><sp/><sp/><sp/><sp/><sp/><sp/><sp/><sp/><sp/><sp/>printf(</highlight><highlight class="stringliteral">&quot;Linha:<sp/>&quot;</highlight><highlight class="normal">);</highlight></codeline>
<codeline lineno="63"><highlight class="normal"><sp/><sp/><sp/><sp/><sp/><sp/><sp/><sp/><sp/><sp/><sp/><sp/>scanf(</highlight><highlight class="stringliteral">&quot;%d&quot;</highlight><highlight class="normal">,<sp/>&amp;linha);</highlight></codeline>
<codeline lineno="64"><highlight class="normal"><sp/><sp/><sp/><sp/><sp/><sp/><sp/><sp/><sp/><sp/><sp/><sp/>printf(</highlight><highlight class="stringliteral">&quot;Coluna:<sp/>&quot;</highlight><highlight class="normal">);</highlight></codeline>
<codeline lineno="65"><highlight class="normal"><sp/><sp/><sp/><sp/><sp/><sp/><sp/><sp/><sp/><sp/><sp/><sp/>scanf(</highlight><highlight class="stringliteral">&quot;%d&quot;</highlight><highlight class="normal">,<sp/>&amp;coluna);</highlight></codeline>
<codeline lineno="66"><highlight class="normal"><sp/><sp/><sp/><sp/><sp/><sp/><sp/><sp/><sp/><sp/><sp/><sp/><ref refid="antena_8c_1ae669c21caa03887ddee7c957a10fbf40" kindref="member">removerAntena</ref>(&amp;listaAntenas,<sp/>linha<sp/>-<sp/>1,<sp/>coluna<sp/>-<sp/>1);</highlight></codeline>
<codeline lineno="67"><highlight class="normal"></highlight></codeline>
<codeline lineno="68"><highlight class="normal"><sp/><sp/><sp/><sp/><sp/><sp/><sp/><sp/>}<sp/></highlight><highlight class="keywordflow">else</highlight><highlight class="normal"><sp/></highlight><highlight class="keywordflow">if</highlight><highlight class="normal"><sp/>(opcao<sp/>==<sp/>4)<sp/>{</highlight></codeline>
<codeline lineno="69"><highlight class="normal"></highlight></codeline>
<codeline lineno="70"><highlight class="normal"><sp/><sp/><sp/><sp/><sp/><sp/><sp/><sp/><sp/><sp/><sp/><sp/><ref refid="matriz_8c_1aba3864945dc2745df349ff8d16243f54" kindref="member">exibirMatriz</ref>(listaAntenas,<sp/>linhas,<sp/>colunas);</highlight></codeline>
<codeline lineno="71"><highlight class="normal"><sp/><sp/><sp/><sp/><sp/><sp/><sp/><sp/>}</highlight></codeline>
<codeline lineno="72"><highlight class="normal"></highlight></codeline>
<codeline lineno="73"><highlight class="normal"><sp/><sp/><sp/><sp/>}<sp/></highlight><highlight class="keywordflow">while</highlight><highlight class="normal"><sp/>(opcao<sp/>!=<sp/>5);</highlight></codeline>
<codeline lineno="74"><highlight class="normal"></highlight></codeline>
<codeline lineno="75"><highlight class="normal"><sp/><sp/><sp/><sp/><ref refid="antena_8c_1a66ea723ccc8f6e107b0c215c4b2dd28f" kindref="member">libertarAntenas</ref>(listaAntenas);</highlight></codeline>
<codeline lineno="76"><highlight class="normal"></highlight></codeline>
<codeline lineno="77"><highlight class="normal"><sp/><sp/><sp/><sp/></highlight><highlight class="keywordflow">return</highlight><highlight class="normal"><sp/>0;</highlight></codeline>
<codeline lineno="78"><highlight class="normal">}</highlight></codeline>
    </programlisting>
    <location file="main.c"/>
  </compounddef>
</doxygen>
