<?xml version='1.0' encoding='UTF-8' standalone='no'?>
<doxygen xmlns:xsi="http://www.w3.org/2001/XMLSchema-instance" xsi:noNamespaceSchemaLocation="compound.xsd" version="1.13.2" xml:lang="en-US">
  <compounddef id="matriz_8h" kind="file" language="C++">
    <compoundname>matriz.h</compoundname>
    <includes refid="antena_8h" local="yes">antena.h</includes>
    <includedby refid="main_8c" local="yes">main.c</includedby>
    <includedby refid="matriz_8c" local="yes">matriz.c</includedby>
    <incdepgraph>
      <node id="2">
        <label>antena.h</label>
        <link refid="antena_8h"/>
      </node>
      <node id="1">
        <label>matriz.h</label>
        <link refid="matriz_8h"/>
        <childnode refid="2" relation="include">
        </childnode>
      </node>
    </incdepgraph>
    <invincdepgraph>
      <node id="2">
        <label>main.c</label>
        <link refid="main_8c"/>
      </node>
      <node id="3">
        <label>matriz.c</label>
        <link refid="matriz_8c"/>
      </node>
      <node id="1">
        <label>matriz.h</label>
        <link refid="matriz_8h"/>
        <childnode refid="2" relation="include">
        </childnode>
        <childnode refid="3" relation="include">
        </childnode>
      </node>
    </invincdepgraph>
    <innerclass refid="struct_node" prot="public">Node</innerclass>
    <sectiondef kind="typedef">
      <memberdef kind="typedef" id="matriz_8h_1a3b09f37e675bcd48a01bf22155996872" prot="public" static="no">
        <type>struct Node</type>
        <definition>typedef struct Node Node</definition>
        <argsstring></argsstring>
        <name>Node</name>
        <briefdescription>
<para>Estrutura de um nó da lista ligada de efeitos nefastos. </para>
        </briefdescription>
        <detaileddescription>
        </detaileddescription>
        <inbodydescription>
        </inbodydescription>
        <location file="matriz.h" line="25" column="6"/>
      </memberdef>
    </sectiondef>
    <sectiondef kind="func">
      <memberdef kind="function" id="matriz_8h_1aba3864945dc2745df349ff8d16243f54" prot="public" static="no" const="no" explicit="no" inline="no" virt="non-virtual">
        <type>void</type>
        <definition>void exibirMatriz</definition>
        <argsstring>(Antena *listaAntenas, int linhas, int colunas)</argsstring>
        <name>exibirMatriz</name>
        <param>
          <type><ref refid="struct_antena" kindref="compound">Antena</ref> *</type>
          <declname>listaAntenas</declname>
        </param>
        <param>
          <type>int</type>
          <declname>linhas</declname>
        </param>
        <param>
          <type>int</type>
          <declname>colunas</declname>
        </param>
        <briefdescription>
<para>Exibe a matriz no terminal, com as antenas e os efeitos nefastos causados por pares de antenas com a mesma frequência. </para>
        </briefdescription>
        <detaileddescription>
<para><parameterlist kind="param"><parameteritem>
<parameternamelist>
<parametername>listaAntenas</parametername>
</parameternamelist>
<parameterdescription>
<para>Lista de antenas a serem exibidas </para>
</parameterdescription>
</parameteritem>
<parameteritem>
<parameternamelist>
<parametername>linhas</parametername>
</parameternamelist>
<parameterdescription>
<para>Número de linhas da matriz </para>
</parameterdescription>
</parameteritem>
<parameteritem>
<parameternamelist>
<parametername>colunas</parametername>
</parameternamelist>
<parameterdescription>
<para>Número de colunas da matriz </para>
</parameterdescription>
</parameteritem>
</parameterlist>
</para>
        </detaileddescription>
        <inbodydescription>
        </inbodydescription>
        <location file="matriz.h" line="35" column="6" bodyfile="matriz.c" bodystart="45" bodyend="83" declfile="matriz.h" declline="35" declcolumn="6"/>
      </memberdef>
      <memberdef kind="function" id="matriz_8h_1a5ea6087f0b529841e75090f478056e67" prot="public" static="no" const="no" explicit="no" inline="no" virt="non-virtual">
        <type>void</type>
        <definition>void gerarEfeitosNefastos</definition>
        <argsstring>(Antena *listaAntenas, char matriz[][100], int linhas, int colunas)</argsstring>
        <name>gerarEfeitosNefastos</name>
        <param>
          <type><ref refid="struct_antena" kindref="compound">Antena</ref> *</type>
          <declname>listaAntenas</declname>
        </param>
        <param>
          <type>char</type>
          <declname>matriz</declname>
          <array>[][100]</array>
        </param>
        <param>
          <type>int</type>
          <declname>linhas</declname>
        </param>
        <param>
          <type>int</type>
          <declname>colunas</declname>
        </param>
        <briefdescription>
<para>Gera efeitos nefastos causados por pares de antenas com a mesma frequência. </para>
        </briefdescription>
        <detaileddescription>
<para><parameterlist kind="param"><parameteritem>
<parameternamelist>
<parametername>listaAntenas</parametername>
</parameternamelist>
<parameterdescription>
<para>Apontador Lista de antenas </para>
</parameterdescription>
</parameteritem>
<parameteritem>
<parameternamelist>
<parametername>matriz</parametername>
</parameternamelist>
<parameterdescription>
<para>Matriz onde serão marcados os efeitos (&quot;#&quot;) </para>
</parameterdescription>
</parameteritem>
<parameteritem>
<parameternamelist>
<parametername>linhas</parametername>
</parameternamelist>
<parameterdescription>
<para>Número de linhas da matriz </para>
</parameterdescription>
</parameteritem>
<parameteritem>
<parameternamelist>
<parametername>colunas</parametername>
</parameternamelist>
<parameterdescription>
<para>Número de colunas da matriz </para>
</parameterdescription>
</parameteritem>
</parameterlist>
</para>
        </detaileddescription>
        <inbodydescription>
        </inbodydescription>
        <location file="matriz.h" line="45" column="6" bodyfile="matriz.c" bodystart="94" bodyend="119" declfile="matriz.h" declline="45" declcolumn="6"/>
      </memberdef>
      <memberdef kind="function" id="matriz_8h_1a9d66c32dc5785c33196976b9b9c8e43e" prot="public" static="no" const="no" explicit="no" inline="no" virt="non-virtual">
        <type>void</type>
        <definition>void carregarMatrizDoFicheiro</definition>
        <argsstring>(const char *nomeFicheiro, Antena **listaAntenas, int *linhas, int *colunas)</argsstring>
        <name>carregarMatrizDoFicheiro</name>
        <param>
          <type>const char *</type>
          <declname>nomeFicheiro</declname>
        </param>
        <param>
          <type><ref refid="struct_antena" kindref="compound">Antena</ref> **</type>
          <declname>listaAntenas</declname>
          <defname>aux</defname>
        </param>
        <param>
          <type>int *</type>
          <declname>linhas</declname>
        </param>
        <param>
          <type>int *</type>
          <declname>colunas</declname>
        </param>
        <briefdescription>
<para>Carrega uma matriz de um ficheiro, criando a lista de antenas a partir dos dados encontrados. </para>
        </briefdescription>
        <detaileddescription>
<para><parameterlist kind="param"><parameteritem>
<parameternamelist>
<parametername>nomeFicheiro</parametername>
</parameternamelist>
<parameterdescription>
<para>Path do ficheiro a ser carregado </para>
</parameterdescription>
</parameteritem>
<parameteritem>
<parameternamelist>
<parametername>listaAntenas</parametername>
</parameternamelist>
<parameterdescription>
<para>Apontador para a lista de antenas </para>
</parameterdescription>
</parameteritem>
<parameteritem>
<parameternamelist>
<parametername>linhas</parametername>
</parameternamelist>
<parameterdescription>
<para>Número de linhas da matriz </para>
</parameterdescription>
</parameteritem>
<parameteritem>
<parameternamelist>
<parametername>colunas</parametername>
</parameternamelist>
<parameterdescription>
<para>Número de colunas da matriz</para>
</parameterdescription>
</parameteritem>
<parameteritem>
<parameternamelist>
<parametername>nomeFicheiro</parametername>
</parameternamelist>
<parameterdescription>
<para>Path do ficheiro a ser carregado </para>
</parameterdescription>
</parameteritem>
<parameteritem>
<parameternamelist>
<parametername>aux</parametername>
</parameternamelist>
<parameterdescription>
<para>Apontador para a lista onde as antenas serão armazenadas </para>
</parameterdescription>
</parameteritem>
<parameteritem>
<parameternamelist>
<parametername>linhas</parametername>
</parameternamelist>
<parameterdescription>
<para>Apontador para armazenar o número de linhas da matriz carregada </para>
</parameterdescription>
</parameteritem>
<parameteritem>
<parameternamelist>
<parametername>colunas</parametername>
</parameternamelist>
<parameterdescription>
<para>Apontador para armazenar o número de colunas da matriz carregada </para>
</parameterdescription>
</parameteritem>
</parameterlist>
</para>
        </detaileddescription>
        <inbodydescription>
        </inbodydescription>
        <location file="matriz.h" line="55" column="6" bodyfile="matriz.c" bodystart="130" bodyend="151" declfile="matriz.h" declline="55" declcolumn="6"/>
      </memberdef>
      <memberdef kind="function" id="matriz_8h_1a78a6ce8e44d392a2c309e13677d40dd1" prot="public" static="no" const="no" explicit="no" inline="no" virt="non-virtual">
        <type>void</type>
        <definition>void listarNefastos</definition>
        <argsstring>(Node *lista)</argsstring>
        <name>listarNefastos</name>
        <param>
          <type><ref refid="struct_node" kindref="compound">Node</ref> *</type>
          <declname>lista</declname>
          <defname>aux</defname>
        </param>
        <briefdescription>
<para>Lista todas as posições afetadas por efeitos nefastos. </para>
        </briefdescription>
        <detaileddescription>
<para><parameterlist kind="param"><parameteritem>
<parameternamelist>
<parametername>lista</parametername>
</parameternamelist>
<parameterdescription>
<para>Apontador para a lista de efeitos nefastos</para>
</parameterdescription>
</parameteritem>
<parameteritem>
<parameternamelist>
<parametername>aux</parametername>
</parameternamelist>
<parameterdescription>
<para>Lista ligada de posições nefastas </para>
</parameterdescription>
</parameteritem>
</parameterlist>
</para>
        </detaileddescription>
        <inbodydescription>
        </inbodydescription>
        <location file="matriz.h" line="62" column="6" bodyfile="matriz.c" bodystart="159" bodyend="165" declfile="matriz.h" declline="62" declcolumn="6"/>
      </memberdef>
    </sectiondef>
    <briefdescription>
    </briefdescription>
    <detaileddescription>
<para><simplesect kind="author"><para>Daniel Vilaça (<ulink url="mailto:a16939@alunos.ipca.pt">a16939@alunos.ipca.pt</ulink>) </para>
</simplesect>
<simplesect kind="version"><para>1.0 </para>
</simplesect>
<simplesect kind="date"><para>2025-03-30</para>
</simplesect>
<simplesect kind="copyright"><para>Copyright (c) 2025 </para>
</simplesect>
</para>
    </detaileddescription>
    <programlisting>
<codeline lineno="1"><highlight class="normal"></highlight></codeline>
<codeline lineno="11"><highlight class="normal"></highlight></codeline>
<codeline lineno="12"><highlight class="normal"></highlight><highlight class="preprocessor">#ifndef<sp/>MATRIZ_H</highlight><highlight class="normal"></highlight></codeline>
<codeline lineno="13"><highlight class="normal"></highlight><highlight class="preprocessor">#define<sp/>MATRIZ_H</highlight><highlight class="normal"></highlight></codeline>
<codeline lineno="14"><highlight class="normal"></highlight></codeline>
<codeline lineno="15"><highlight class="normal"></highlight><highlight class="preprocessor">#include<sp/>&quot;<ref refid="antena_8h" kindref="compound">antena.h</ref>&quot;</highlight><highlight class="normal"></highlight></codeline>
<codeline lineno="16"><highlight class="normal"></highlight></codeline>
<codeline lineno="17"><highlight class="normal"></highlight></codeline>
<codeline lineno="22" refid="struct_node" refkind="compound"><highlight class="normal"></highlight><highlight class="keyword">typedef</highlight><highlight class="normal"><sp/></highlight><highlight class="keyword">struct<sp/></highlight><highlight class="normal"><ref refid="struct_node" kindref="compound">Node</ref><sp/>{</highlight></codeline>
<codeline lineno="23"><highlight class="normal"><sp/><sp/><sp/><sp/></highlight><highlight class="keywordtype">int</highlight><highlight class="normal"><sp/>linha,<sp/>coluna;</highlight></codeline>
<codeline lineno="24"><highlight class="normal"><sp/><sp/><sp/><sp/></highlight><highlight class="keyword">struct<sp/></highlight><highlight class="normal"><ref refid="struct_node" kindref="compound">Node</ref><sp/>*next;</highlight></codeline>
<codeline lineno="25" refid="matriz_8h_1a3b09f37e675bcd48a01bf22155996872" refkind="member"><highlight class="normal">}<sp/><ref refid="struct_node" kindref="compound">Node</ref>;</highlight></codeline>
<codeline lineno="26"><highlight class="normal"></highlight></codeline>
<codeline lineno="27"><highlight class="normal"></highlight></codeline>
<codeline lineno="35"><highlight class="normal"></highlight><highlight class="keywordtype">void</highlight><highlight class="normal"><sp/><ref refid="matriz_8h_1aba3864945dc2745df349ff8d16243f54" kindref="member">exibirMatriz</ref>(<ref refid="struct_antena" kindref="compound">Antena</ref><sp/>*listaAntenas,<sp/></highlight><highlight class="keywordtype">int</highlight><highlight class="normal"><sp/>linhas,<sp/></highlight><highlight class="keywordtype">int</highlight><highlight class="normal"><sp/>colunas);</highlight></codeline>
<codeline lineno="36"><highlight class="normal"></highlight></codeline>
<codeline lineno="45"><highlight class="normal"></highlight><highlight class="keywordtype">void</highlight><highlight class="normal"><sp/><ref refid="matriz_8h_1a5ea6087f0b529841e75090f478056e67" kindref="member">gerarEfeitosNefastos</ref>(<ref refid="struct_antena" kindref="compound">Antena</ref><sp/>*listaAntenas,<sp/></highlight><highlight class="keywordtype">char</highlight><highlight class="normal"><sp/>matriz[][100],<sp/></highlight><highlight class="keywordtype">int</highlight><highlight class="normal"><sp/>linhas,<sp/></highlight><highlight class="keywordtype">int</highlight><highlight class="normal"><sp/>colunas);</highlight></codeline>
<codeline lineno="46"><highlight class="normal"></highlight></codeline>
<codeline lineno="55"><highlight class="normal"></highlight><highlight class="keywordtype">void</highlight><highlight class="normal"><sp/><ref refid="matriz_8h_1a9d66c32dc5785c33196976b9b9c8e43e" kindref="member">carregarMatrizDoFicheiro</ref>(</highlight><highlight class="keyword">const</highlight><highlight class="normal"><sp/></highlight><highlight class="keywordtype">char</highlight><highlight class="normal"><sp/>*nomeFicheiro,<sp/><ref refid="struct_antena" kindref="compound">Antena</ref><sp/>**listaAntenas,<sp/></highlight><highlight class="keywordtype">int</highlight><highlight class="normal"><sp/>*linhas,<sp/></highlight><highlight class="keywordtype">int</highlight><highlight class="normal"><sp/>*colunas);</highlight></codeline>
<codeline lineno="56"><highlight class="normal"></highlight></codeline>
<codeline lineno="62"><highlight class="normal"></highlight><highlight class="keywordtype">void</highlight><highlight class="normal"><sp/><ref refid="matriz_8h_1a78a6ce8e44d392a2c309e13677d40dd1" kindref="member">listarNefastos</ref>(<ref refid="struct_node" kindref="compound">Node</ref><sp/>*lista);</highlight></codeline>
<codeline lineno="63"><highlight class="normal"></highlight></codeline>
<codeline lineno="64"><highlight class="normal"></highlight></codeline>
<codeline lineno="65"><highlight class="normal"></highlight></codeline>
<codeline lineno="66"><highlight class="normal"></highlight><highlight class="preprocessor">#endif</highlight></codeline>
    </programlisting>
    <location file="matriz.h"/>
  </compounddef>
</doxygen>
