<?xml version='1.0' encoding='UTF-8' standalone='no'?>
<doxygen xmlns:xsi="http://www.w3.org/2001/XMLSchema-instance" xsi:noNamespaceSchemaLocation="compound.xsd" version="1.13.2" xml:lang="en-US">
  <compounddef id="struct_node" kind="struct" language="C++" prot="public">
    <compoundname>Node</compoundname>
    <includes refid="matriz_8h" local="no">matriz.h</includes>
    <sectiondef kind="public-attrib">
      <memberdef kind="variable" id="struct_node_1aed29de4c5d116b3f4a9880896d0023d3" prot="public" static="no" mutable="no">
        <type>int</type>
        <definition>int Node::linha</definition>
        <argsstring></argsstring>
        <name>linha</name>
        <qualifiedname>Node::linha</qualifiedname>
        <briefdescription>
        </briefdescription>
        <detaileddescription>
        </detaileddescription>
        <inbodydescription>
        </inbodydescription>
        <location file="matriz.h" line="23" column="9" bodyfile="matriz.h" bodystart="23" bodyend="-1"/>
      </memberdef>
      <memberdef kind="variable" id="struct_node_1a42f897b88b42ed9fc526b5794fcf934f" prot="public" static="no" mutable="no">
        <type>int</type>
        <definition>int Node::coluna</definition>
        <argsstring></argsstring>
        <name>coluna</name>
        <qualifiedname>Node::coluna</qualifiedname>
        <briefdescription>
        </briefdescription>
        <detaileddescription>
        </detaileddescription>
        <inbodydescription>
        </inbodydescription>
        <location file="matriz.h" line="23" column="15" bodyfile="matriz.h" bodystart="23" bodyend="-1"/>
      </memberdef>
      <memberdef kind="variable" id="struct_node_1af67b110ca1a258b793bf69d306929b22" prot="public" static="no" mutable="no">
        <type>struct <ref refid="struct_node" kindref="compound">Node</ref> *</type>
        <definition>struct Node* Node::next</definition>
        <argsstring></argsstring>
        <name>next</name>
        <qualifiedname>Node::next</qualifiedname>
        <briefdescription>
        </briefdescription>
        <detaileddescription>
        </detaileddescription>
        <inbodydescription>
        </inbodydescription>
        <location file="matriz.h" line="24" column="15" bodyfile="matriz.h" bodystart="24" bodyend="-1"/>
      </memberdef>
    </sectiondef>
    <briefdescription>
<para>Estrutura de um nó da lista ligada de efeitos nefastos. </para>
    </briefdescription>
    <detaileddescription>
    </detaileddescription>
    <collaborationgraph>
      <node id="1">
        <label>Node</label>
        <link refid="struct_node"/>
        <childnode refid="1" relation="usage">
          <edgelabel>next</edgelabel>
        </childnode>
      </node>
    </collaborationgraph>
    <location file="matriz.h" line="22" column="1" bodyfile="matriz.h" bodystart="22" bodyend="25"/>
    <listofallmembers>
      <member refid="struct_node_1a42f897b88b42ed9fc526b5794fcf934f" prot="public" virt="non-virtual"><scope>Node</scope><name>coluna</name></member>
      <member refid="struct_node_1aed29de4c5d116b3f4a9880896d0023d3" prot="public" virt="non-virtual"><scope>Node</scope><name>linha</name></member>
      <member refid="struct_node_1af67b110ca1a258b793bf69d306929b22" prot="public" virt="non-virtual"><scope>Node</scope><name>next</name></member>
    </listofallmembers>
  </compounddef>
</doxygen>
