<?xml version='1.0' encoding='UTF-8' standalone='no'?>
<section xmlns="http://docbook.org/ns/docbook" version="5.0" xmlns:xlink="http://www.w3.org/1999/xlink" xml:id="_grafo_8h_source" xml:lang="en-US">
<title>grafo.h</title>
Go to the documentation of this file.<programlisting linenumbering="unnumbered">1 
11 
12 
13 <emphasis role="preprocessor">#ifndef&#32;GRAFO_H</emphasis>
14 <emphasis role="preprocessor">#define&#32;GRAFO_H</emphasis>
15 
16 <emphasis role="preprocessor">#define&#32;MAX_VERTICES&#32;100</emphasis>
17 
18 <emphasis role="keyword">typedef</emphasis>&#32;<emphasis role="keyword">struct&#32;</emphasis><link linkend="_structadj">adj</link>&#32;{
19 &#32;&#32;&#32;&#32;<emphasis role="keywordtype">int</emphasis>&#32;dest;
20 &#32;&#32;&#32;&#32;<emphasis role="keyword">struct&#32;</emphasis><link linkend="_structadj">adj</link>&#32;*prox;
21 }&#32;Adj;
22 
23 <emphasis role="keyword">typedef</emphasis>&#32;<emphasis role="keyword">struct&#32;</emphasis><link linkend="_structvertice">vertice</link>&#32;{
24 &#32;&#32;&#32;&#32;<emphasis role="keywordtype">int</emphasis>&#32;id;
25 &#32;&#32;&#32;&#32;<emphasis role="keywordtype">int</emphasis>&#32;x,&#32;y;
26 &#32;&#32;&#32;&#32;<emphasis role="keywordtype">char</emphasis>&#32;freq;
27 &#32;&#32;&#32;&#32;Adj&#32;*lista;
28 }&#32;Vertice;
29 
30 <emphasis role="keyword">typedef</emphasis>&#32;<emphasis role="keyword">struct&#32;</emphasis><link linkend="_structgrafo">grafo</link>&#32;{
31 &#32;&#32;&#32;&#32;<emphasis role="keywordtype">int</emphasis>&#32;n_vertices;
32 &#32;&#32;&#32;&#32;Vertice&#32;vertices[MAX_VERTICES];
33 }&#32;Grafo;
34 
35 
36 <emphasis role="keywordtype">void</emphasis>&#32;<link linkend="_grafo_8h_1a41f43196384519bc86cedaa2add15902">inicializaGrafo</link>(Grafo&#32;*g);
37 <emphasis role="keywordtype">int</emphasis>&#32;<link linkend="_grafo_8h_1ad0e922e8998db2ce1b829ee52ed583a7">adicionaVertice</link>(Grafo&#32;*g,&#32;<emphasis role="keywordtype">int</emphasis>&#32;x,&#32;<emphasis role="keywordtype">int</emphasis>&#32;y,&#32;<emphasis role="keywordtype">char</emphasis>&#32;freq);
38 <emphasis role="keywordtype">void</emphasis>&#32;<link linkend="_grafo_8h_1a66d9d6385ec027346ffc2c39ad307ad4">adicionaAresta</link>(Grafo&#32;*g,&#32;<emphasis role="keywordtype">int</emphasis>&#32;orig,&#32;<emphasis role="keywordtype">int</emphasis>&#32;dest);
39 <emphasis role="keywordtype">void</emphasis>&#32;<link linkend="_grafo_8h_1a4260eaefd00a66631206e5743ae47b88">imprimeGrafo</link>(Grafo&#32;*g);
40 <emphasis role="keywordtype">void</emphasis>&#32;<link linkend="_grafo_8h_1a562457b89adc87f2389c61373499fd83">dfs</link>(Grafo&#32;*g,&#32;<emphasis role="keywordtype">int</emphasis>&#32;start_id);
41 <emphasis role="keywordtype">void</emphasis>&#32;<link linkend="_grafo_8h_1a59a62882be97d2e4daf143a5585b10af">bfs</link>(Grafo&#32;*g,&#32;<emphasis role="keywordtype">int</emphasis>&#32;start_id);
42 <emphasis role="keywordtype">void</emphasis>&#32;<link linkend="_grafo_8h_1a3aa60bd76c822db53ccc812f1707e0b5">listarCaminhos</link>(Grafo&#32;*g,&#32;<emphasis role="keywordtype">int</emphasis>&#32;origem,&#32;<emphasis role="keywordtype">int</emphasis>&#32;destino);
43 
44 <emphasis role="preprocessor">#endif</emphasis>
</programlisting></section>
