<?xml version='1.0' encoding='UTF-8' standalone='no'?>
<section xmlns="http://docbook.org/ns/docbook" version="5.0" xmlns:xlink="http://www.w3.org/1999/xlink" xml:id="_main_8c" xml:lang="en-US">
<title>main.c File Reference</title>
<indexterm><primary>main.c</primary></indexterm>
<programlisting linenumbering="unnumbered">#include &lt;stdio.h&gt;<?linebreak?>#include &quot;grafo.h&quot;<?linebreak?>#include &quot;utils.h&quot;<?linebreak?></programlisting>Include dependency graph for main.c:<para>
    <informalfigure>
        <mediaobject>
            <imageobject>
                <imagedata width="50%" align="center" valign="middle" scalefit="0" fileref="main_8c__incl.png"></imagedata>
            </imageobject>
        </mediaobject>
    </informalfigure>
</para>
<simplesect>
    <title>Functions    </title>
        <itemizedlist>
            <listitem><para><anchor xml:id="_main_8c_1ae66f6b31b5ad750f1fe042a706a4e3d4"/>int <emphasis role="strong">main</emphasis> ()</para>
</listitem>
        </itemizedlist>
</simplesect>
<section>
<title>Detailed Description</title>

<para><formalpara><title>Author</title>

<para>Daniel Vilaça (<link xlink:href="mailto:a16939@alunos.ipca.pt">a16939@alunos.ipca.pt</link>) </para>
</formalpara>
<formalpara><title>Version</title>

<para>1.0 </para>
</formalpara>
<formalpara><title>Date</title>

<para>2025-05-18</para>
</formalpara>
<formalpara><title>Copyright</title>

<para>Copyright (c) 2025 </para>
</formalpara>
</para>
</section>
</section>
