<?xml version='1.0' encoding='UTF-8' standalone='no'?>
<section xmlns="http://docbook.org/ns/docbook" version="5.0" xmlns:xlink="http://www.w3.org/1999/xlink" xml:id="_utils_8h" xml:lang="en-US">
<title>utils.h File Reference</title>
<indexterm><primary>utils.h</primary></indexterm>
<programlisting linenumbering="unnumbered">#include &quot;grafo.h&quot;<?linebreak?></programlisting>Include dependency graph for utils.h:<para>
    <informalfigure>
        <mediaobject>
            <imageobject>
                <imagedata width="50%" align="center" valign="middle" scalefit="0" fileref="utils_8h__incl.png"></imagedata>
            </imageobject>
        </mediaobject>
    </informalfigure>
</para>
This graph shows which files directly or indirectly include this file:<para>
    <informalfigure>
        <mediaobject>
            <imageobject>
                <imagedata width="50%" align="center" valign="middle" scalefit="0" fileref="utils_8h__dep__incl.png"></imagedata>
            </imageobject>
        </mediaobject>
    </informalfigure>
</para>
<simplesect>
    <title>Functions    </title>
        <itemizedlist>
            <listitem><para>int <link linkend="_utils_8h_1a0f84e909753715499c399befc6f62e4e">carregarMatrizParaGrafo</link> (const char *filename, <link linkend="_structgrafo">Grafo</link> *g)</para>

<para>Lê uma matriz de antenas a partir do ficheiro de texto e constrói o grafo. </para>
</listitem>
        </itemizedlist>
</simplesect>
<section>
<title>Detailed Description</title>

<para><formalpara><title>Author</title>

<para>Daniel Vilaça (<link xlink:href="mailto:a16939@alunos.ipca.pt">a16939@alunos.ipca.pt</link>) </para>
</formalpara>
<formalpara><title>Version</title>

<para>1.0 </para>
</formalpara>
<formalpara><title>Date</title>

<para>2025-05-18</para>
</formalpara>
<formalpara><title>Copyright</title>

<para>Copyright (c) 2025 </para>
</formalpara>
</para>
</section>
<section>
<title>Function Documentation</title>
<anchor xml:id="_utils_8h_1a0f84e909753715499c399befc6f62e4e"/><section>
    <title>carregarMatrizParaGrafo()</title>
<indexterm><primary>carregarMatrizParaGrafo</primary><secondary>utils.h</secondary></indexterm>
<indexterm><primary>utils.h</primary><secondary>carregarMatrizParaGrafo</secondary></indexterm>
<para><computeroutput>int carregarMatrizParaGrafo (const char * filename, <link linkend="_structgrafo">Grafo</link> * g)</computeroutput></para><para>

<para>Lê uma matriz de antenas a partir do ficheiro de texto e constrói o grafo. </para>
</para>

<para>
                <formalpara>
                    <title>
Parameters</title>
                    <para>
                    <table frame="all">
                        <tgroup cols="2" align="left" colsep="1" rowsep="1">
                        <colspec colwidth="1*"/>
                        <colspec colwidth="4*"/>
                        <tbody>
                            <row>
<entry>filename</entry><entry>
<para>Nome do ficheiro da matriz de antenas </para>
</entry>
                            </row>
                            <row>
<entry>g</entry><entry>
<para>Apontador para o grafo a ser preenchido </para>
</entry>
                            </row>
                        </tbody>
                        </tgroup>
                    </table>
                    </para>
                </formalpara>
                <formalpara><title>Returns</title>

<para>Return 1 se o carregamento for bem-sucedido ou 0 em caso de erro </para>
</formalpara>
</para>
Here is the call graph for this function:<para>
    <informalfigure>
        <mediaobject>
            <imageobject>
                <imagedata width="50%" align="center" valign="middle" scalefit="0" fileref="utils_8h_a0f84e909753715499c399befc6f62e4e_cgraph.png"></imagedata>
            </imageobject>
        </mediaobject>
    </informalfigure>
</para>
</section>
</section>
</section>
