<?xml version='1.0' encoding='UTF-8' standalone='no'?>
<doxygen xmlns:xsi="http://www.w3.org/2001/XMLSchema-instance" xsi:noNamespaceSchemaLocation="compound.xsd" version="1.13.2" xml:lang="en-US">
  <compounddef id="_r_e_a_d_m_e_8md" kind="file" language="Markdown">
    <compoundname>README.md</compoundname>
    <briefdescription>
    </briefdescription>
    <detaileddescription>
    </detaileddescription>
    <programlisting>
<codeline></codeline>
    </programlisting>
    <location file="README.md"/>
  </compounddef>
</doxygen>
