<?xml version='1.0' encoding='UTF-8' standalone='no'?>
<doxygen xmlns:xsi="http://www.w3.org/2001/XMLSchema-instance" xsi:noNamespaceSchemaLocation="compound.xsd" version="1.13.2" xml:lang="en-US">
  <compounddef id="grafo_8h" kind="file" language="C++">
    <compoundname>grafo.h</compoundname>
    <includedby refid="grafo_8c" local="yes">grafo.c</includedby>
    <includedby refid="main_8c" local="yes">main.c</includedby>
    <includedby refid="utils_8h" local="yes">utils.h</includedby>
    <invincdepgraph>
      <node id="2">
        <label>grafo.c</label>
        <link refid="grafo_8c"/>
      </node>
      <node id="1">
        <label>grafo.h</label>
        <link refid="grafo_8h"/>
        <childnode refid="2" relation="include">
        </childnode>
        <childnode refid="3" relation="include">
        </childnode>
        <childnode refid="4" relation="include">
        </childnode>
      </node>
      <node id="3">
        <label>main.c</label>
        <link refid="main_8c"/>
      </node>
      <node id="5">
        <label>utils.c</label>
        <link refid="utils_8c"/>
      </node>
      <node id="4">
        <label>utils.h</label>
        <link refid="utils_8h"/>
        <childnode refid="3" relation="include">
        </childnode>
        <childnode refid="5" relation="include">
        </childnode>
      </node>
    </invincdepgraph>
    <innerclass refid="structadj" prot="public">adj</innerclass>
    <innerclass refid="structvertice" prot="public">vertice</innerclass>
    <innerclass refid="structgrafo" prot="public">grafo</innerclass>
    <sectiondef kind="define">
      <memberdef kind="define" id="grafo_8h_1a0fdb7b933ef091574ff57d1f36dd4167" prot="public" static="no">
        <name>MAX_VERTICES</name>
        <initializer>100</initializer>
        <briefdescription>
        </briefdescription>
        <detaileddescription>
        </detaileddescription>
        <inbodydescription>
        </inbodydescription>
        <location file="grafo.h" line="16" column="9" bodyfile="grafo.h" bodystart="16" bodyend="-1"/>
      </memberdef>
    </sectiondef>
    <sectiondef kind="typedef">
      <memberdef kind="typedef" id="grafo_8h_1aa4e42d74420121b5a48e89648fcbf905" prot="public" static="no">
        <type>struct <ref refid="structadj" kindref="compound">adj</ref></type>
        <definition>typedef struct adj Adj</definition>
        <argsstring></argsstring>
        <name>Adj</name>
        <briefdescription>
        </briefdescription>
        <detaileddescription>
        </detaileddescription>
        <inbodydescription>
        </inbodydescription>
        <location file="grafo.h" line="21" column="5"/>
      </memberdef>
      <memberdef kind="typedef" id="grafo_8h_1a0eeaefc2bfc9ba935d96fc375f3b11fa" prot="public" static="no">
        <type>struct <ref refid="structvertice" kindref="compound">vertice</ref></type>
        <definition>typedef struct vertice Vertice</definition>
        <argsstring></argsstring>
        <name>Vertice</name>
        <briefdescription>
        </briefdescription>
        <detaileddescription>
        </detaileddescription>
        <inbodydescription>
        </inbodydescription>
        <location file="grafo.h" line="28" column="9"/>
      </memberdef>
      <memberdef kind="typedef" id="grafo_8h_1ad2ceaa7fd9c9bab870e4fd852607631a" prot="public" static="no">
        <type>struct <ref refid="structgrafo" kindref="compound">grafo</ref></type>
        <definition>typedef struct grafo Grafo</definition>
        <argsstring></argsstring>
        <name>Grafo</name>
        <briefdescription>
        </briefdescription>
        <detaileddescription>
        </detaileddescription>
        <inbodydescription>
        </inbodydescription>
        <location file="grafo.h" line="33" column="7"/>
      </memberdef>
    </sectiondef>
    <sectiondef kind="func">
      <memberdef kind="function" id="grafo_8h_1a41f43196384519bc86cedaa2add15902" prot="public" static="no" const="no" explicit="no" inline="no" virt="non-virtual">
        <type>void</type>
        <definition>void inicializaGrafo</definition>
        <argsstring>(Grafo *g)</argsstring>
        <name>inicializaGrafo</name>
        <param>
          <type><ref refid="structgrafo" kindref="compound">Grafo</ref> *</type>
          <declname>g</declname>
        </param>
        <briefdescription>
<para>Inicializa o grafo (número de vértices) a 0. </para>
        </briefdescription>
        <detaileddescription>
<para><parameterlist kind="param"><parameteritem>
<parameternamelist>
<parametername>g</parametername>
</parameternamelist>
<parameterdescription>
<para></para>
</parameterdescription>
</parameteritem>
</parameterlist>
</para>
        </detaileddescription>
        <inbodydescription>
        </inbodydescription>
        <location file="grafo.h" line="36" column="6" bodyfile="grafo.c" bodystart="21" bodyend="23" declfile="grafo.h" declline="36" declcolumn="6"/>
      </memberdef>
      <memberdef kind="function" id="grafo_8h_1ad0e922e8998db2ce1b829ee52ed583a7" prot="public" static="no" const="no" explicit="no" inline="no" virt="non-virtual">
        <type>int</type>
        <definition>int adicionaVertice</definition>
        <argsstring>(Grafo *g, int x, int y, char freq)</argsstring>
        <name>adicionaVertice</name>
        <param>
          <type><ref refid="structgrafo" kindref="compound">Grafo</ref> *</type>
          <declname>g</declname>
        </param>
        <param>
          <type>int</type>
          <declname>x</declname>
        </param>
        <param>
          <type>int</type>
          <declname>y</declname>
        </param>
        <param>
          <type>char</type>
          <declname>freq</declname>
        </param>
        <briefdescription>
<para>Adiciona uma nova antena (vértice) ao grafo. </para>
        </briefdescription>
        <detaileddescription>
<para><parameterlist kind="param"><parameteritem>
<parameternamelist>
<parametername>g</parametername>
</parameternamelist>
<parameterdescription>
<para>Apontador para o grafo </para>
</parameterdescription>
</parameteritem>
<parameteritem>
<parameternamelist>
<parametername>x</parametername>
</parameternamelist>
<parameterdescription>
<para>Coordenada x da antena </para>
</parameterdescription>
</parameteritem>
<parameteritem>
<parameternamelist>
<parametername>y</parametername>
</parameternamelist>
<parameterdescription>
<para>Coordenada y da antena </para>
</parameterdescription>
</parameteritem>
<parameteritem>
<parameternamelist>
<parametername>freq</parametername>
</parameternamelist>
<parameterdescription>
<para>Frequência de ressonância da antena </para>
</parameterdescription>
</parameteritem>
</parameterlist>
<simplesect kind="return"><para>ID atribuído ao novo vértice ou -1 se o grafo estiver cheio </para>
</simplesect>
</para>
        </detaileddescription>
        <inbodydescription>
        </inbodydescription>
        <location file="grafo.h" line="37" column="5" bodyfile="grafo.c" bodystart="31" bodyend="41" declfile="grafo.h" declline="37" declcolumn="5"/>
        <referencedby refid="utils_8c_1a0f84e909753715499c399befc6f62e4e" compoundref="utils_8c" startline="20" endline="49">carregarMatrizParaGrafo</referencedby>
      </memberdef>
      <memberdef kind="function" id="grafo_8h_1a66d9d6385ec027346ffc2c39ad307ad4" prot="public" static="no" const="no" explicit="no" inline="no" virt="non-virtual">
        <type>void</type>
        <definition>void adicionaAresta</definition>
        <argsstring>(Grafo *g, int orig, int dest)</argsstring>
        <name>adicionaAresta</name>
        <param>
          <type><ref refid="structgrafo" kindref="compound">Grafo</ref> *</type>
          <declname>g</declname>
        </param>
        <param>
          <type>int</type>
          <declname>orig</declname>
        </param>
        <param>
          <type>int</type>
          <declname>dest</declname>
        </param>
        <briefdescription>
<para>Adiciona uma aresta bidirecional entre dois vértices com a mesma frequência. </para>
        </briefdescription>
        <detaileddescription>
<para><parameterlist kind="param"><parameteritem>
<parameternamelist>
<parametername>g</parametername>
</parameternamelist>
<parameterdescription>
<para>Apontador para o grafo </para>
</parameterdescription>
</parameteritem>
<parameteritem>
<parameternamelist>
<parametername>orig</parametername>
</parameternamelist>
<parameterdescription>
<para>Vértice de origem </para>
</parameterdescription>
</parameteritem>
<parameteritem>
<parameternamelist>
<parametername>dest</parametername>
</parameternamelist>
<parameterdescription>
<para>Vértice de destino </para>
</parameterdescription>
</parameteritem>
</parameterlist>
</para>
        </detaileddescription>
        <inbodydescription>
        </inbodydescription>
        <location file="grafo.h" line="38" column="6" bodyfile="grafo.c" bodystart="47" bodyend="61" declfile="grafo.h" declline="38" declcolumn="6"/>
        <referencedby refid="utils_8c_1a0f84e909753715499c399befc6f62e4e" compoundref="utils_8c" startline="20" endline="49">carregarMatrizParaGrafo</referencedby>
      </memberdef>
      <memberdef kind="function" id="grafo_8h_1a4260eaefd00a66631206e5743ae47b88" prot="public" static="no" const="no" explicit="no" inline="no" virt="non-virtual">
        <type>void</type>
        <definition>void imprimeGrafo</definition>
        <argsstring>(Grafo *g)</argsstring>
        <name>imprimeGrafo</name>
        <param>
          <type><ref refid="structgrafo" kindref="compound">Grafo</ref> *</type>
          <declname>g</declname>
        </param>
        <briefdescription>
<para>Imprime todos os vértices do grafo e as suas ligações (arestas) </para>
        </briefdescription>
        <detaileddescription>
<para><parameterlist kind="param"><parameteritem>
<parameternamelist>
<parametername>g</parametername>
</parameternamelist>
<parameterdescription>
<para>Apontador </para>
</parameterdescription>
</parameteritem>
</parameterlist>
</para>
        </detaileddescription>
        <inbodydescription>
        </inbodydescription>
        <location file="grafo.h" line="39" column="6" bodyfile="grafo.c" bodystart="65" bodyend="75" declfile="grafo.h" declline="39" declcolumn="6"/>
      </memberdef>
      <memberdef kind="function" id="grafo_8h_1a562457b89adc87f2389c61373499fd83" prot="public" static="no" const="no" explicit="no" inline="no" virt="non-virtual">
        <type>void</type>
        <definition>void dfs</definition>
        <argsstring>(Grafo *g, int start_id)</argsstring>
        <name>dfs</name>
        <param>
          <type><ref refid="structgrafo" kindref="compound">Grafo</ref> *</type>
          <declname>g</declname>
        </param>
        <param>
          <type>int</type>
          <declname>start_id</declname>
        </param>
        <briefdescription>
<para>Inicia a procura em profundidade (DFS) a partir de uma antena. </para>
        </briefdescription>
        <detaileddescription>
<para><parameterlist kind="param"><parameteritem>
<parameternamelist>
<parametername>g</parametername>
</parameternamelist>
<parameterdescription>
<para>Apontador </para>
</parameterdescription>
</parameteritem>
<parameteritem>
<parameternamelist>
<parametername>start_id</parametername>
</parameternamelist>
<parameterdescription>
<para>Antena de partida </para>
</parameterdescription>
</parameteritem>
</parameterlist>
</para>
        </detaileddescription>
        <inbodydescription>
        </inbodydescription>
        <location file="grafo.h" line="40" column="6" bodyfile="grafo.c" bodystart="101" bodyend="110" declfile="grafo.h" declline="40" declcolumn="6"/>
        <references refid="grafo_8c_1a9d360aab7800fed0523977436f7d689b" compoundref="grafo_8c" startline="81" endline="96">dfs_visit</references>
      </memberdef>
      <memberdef kind="function" id="grafo_8h_1a59a62882be97d2e4daf143a5585b10af" prot="public" static="no" const="no" explicit="no" inline="no" virt="non-virtual">
        <type>void</type>
        <definition>void bfs</definition>
        <argsstring>(Grafo *g, int start_id)</argsstring>
        <name>bfs</name>
        <param>
          <type><ref refid="structgrafo" kindref="compound">Grafo</ref> *</type>
          <declname>g</declname>
        </param>
        <param>
          <type>int</type>
          <declname>start_id</declname>
        </param>
        <briefdescription>
<para>Inicia a procura em largura (BFS) a partir de uma antena. </para>
        </briefdescription>
        <detaileddescription>
<para><parameterlist kind="param"><parameteritem>
<parameternamelist>
<parametername>g</parametername>
</parameternamelist>
<parameterdescription>
<para>Apontador </para>
</parameterdescription>
</parameteritem>
<parameteritem>
<parameternamelist>
<parametername>start_id</parametername>
</parameternamelist>
<parameterdescription>
<para>Antena de partida </para>
</parameterdescription>
</parameteritem>
</parameterlist>
</para>
        </detaileddescription>
        <inbodydescription>
        </inbodydescription>
        <location file="grafo.h" line="41" column="6" bodyfile="grafo.c" bodystart="115" bodyend="147" declfile="grafo.h" declline="41" declcolumn="6"/>
      </memberdef>
      <memberdef kind="function" id="grafo_8h_1a3aa60bd76c822db53ccc812f1707e0b5" prot="public" static="no" const="no" explicit="no" inline="no" virt="non-virtual">
        <type>void</type>
        <definition>void listarCaminhos</definition>
        <argsstring>(Grafo *g, int origem, int destino)</argsstring>
        <name>listarCaminhos</name>
        <param>
          <type><ref refid="structgrafo" kindref="compound">Grafo</ref> *</type>
          <declname>g</declname>
        </param>
        <param>
          <type>int</type>
          <declname>origem</declname>
        </param>
        <param>
          <type>int</type>
          <declname>destino</declname>
        </param>
        <briefdescription>
<para>Lista todos os caminhos possíveis entre duas antenas com a mesma frequência. </para>
        </briefdescription>
        <detaileddescription>
<para><parameterlist kind="param"><parameteritem>
<parameternamelist>
<parametername>g</parametername>
</parameternamelist>
<parameterdescription>
<para>Apontador </para>
</parameterdescription>
</parameteritem>
<parameteritem>
<parameternamelist>
<parametername>origem</parametername>
</parameternamelist>
<parameterdescription>
<para>Antena de origem </para>
</parameterdescription>
</parameteritem>
<parameteritem>
<parameternamelist>
<parametername>destino</parametername>
</parameternamelist>
<parameterdescription>
<para>Antena de destino </para>
</parameterdescription>
</parameteritem>
</parameterlist>
</para>
        </detaileddescription>
        <inbodydescription>
        </inbodydescription>
        <location file="grafo.h" line="42" column="6" bodyfile="grafo.c" bodystart="188" bodyend="203" declfile="grafo.h" declline="42" declcolumn="6"/>
        <references refid="grafo_8c_1a1be91eccd6e8691af9f33ddf1186eaaa" compoundref="grafo_8c" startline="156" endline="182">listarCaminhosAux</references>
      </memberdef>
    </sectiondef>
    <briefdescription>
    </briefdescription>
    <detaileddescription>
<para><simplesect kind="author"><para>Daniel Vilaça (<ulink url="mailto:a16939@alunos.ipca.pt">a16939@alunos.ipca.pt</ulink>) </para>
</simplesect>
<simplesect kind="version"><para>1.0 </para>
</simplesect>
<simplesect kind="date"><para>2025-05-18</para>
</simplesect>
<simplesect kind="copyright"><para>Copyright (c) 2025 </para>
</simplesect>
</para>
    </detaileddescription>
    <programlisting>
<codeline lineno="1"><highlight class="normal"></highlight></codeline>
<codeline lineno="11"><highlight class="normal"></highlight></codeline>
<codeline lineno="12"><highlight class="normal"></highlight></codeline>
<codeline lineno="13"><highlight class="normal"></highlight><highlight class="preprocessor">#ifndef<sp/>GRAFO_H</highlight><highlight class="normal"></highlight></codeline>
<codeline lineno="14"><highlight class="normal"></highlight><highlight class="preprocessor">#define<sp/>GRAFO_H</highlight><highlight class="normal"></highlight></codeline>
<codeline lineno="15"><highlight class="normal"></highlight></codeline>
<codeline lineno="16"><highlight class="normal"></highlight><highlight class="preprocessor">#define<sp/>MAX_VERTICES<sp/>100</highlight><highlight class="normal"></highlight></codeline>
<codeline lineno="17"><highlight class="normal"></highlight></codeline>
<codeline lineno="18" refid="structadj" refkind="compound"><highlight class="normal"></highlight><highlight class="keyword">typedef</highlight><highlight class="normal"><sp/></highlight><highlight class="keyword">struct<sp/></highlight><highlight class="normal"><ref refid="structadj" kindref="compound">adj</ref><sp/>{</highlight></codeline>
<codeline lineno="19"><highlight class="normal"><sp/><sp/><sp/><sp/></highlight><highlight class="keywordtype">int</highlight><highlight class="normal"><sp/>dest;</highlight></codeline>
<codeline lineno="20"><highlight class="normal"><sp/><sp/><sp/><sp/></highlight><highlight class="keyword">struct<sp/></highlight><highlight class="normal"><ref refid="structadj" kindref="compound">adj</ref><sp/>*prox;</highlight></codeline>
<codeline lineno="21"><highlight class="normal">}<sp/>Adj;</highlight></codeline>
<codeline lineno="22"><highlight class="normal"></highlight></codeline>
<codeline lineno="23" refid="structvertice" refkind="compound"><highlight class="normal"></highlight><highlight class="keyword">typedef</highlight><highlight class="normal"><sp/></highlight><highlight class="keyword">struct<sp/></highlight><highlight class="normal"><ref refid="structvertice" kindref="compound">vertice</ref><sp/>{</highlight></codeline>
<codeline lineno="24"><highlight class="normal"><sp/><sp/><sp/><sp/></highlight><highlight class="keywordtype">int</highlight><highlight class="normal"><sp/>id;</highlight></codeline>
<codeline lineno="25"><highlight class="normal"><sp/><sp/><sp/><sp/></highlight><highlight class="keywordtype">int</highlight><highlight class="normal"><sp/>x,<sp/>y;</highlight></codeline>
<codeline lineno="26"><highlight class="normal"><sp/><sp/><sp/><sp/></highlight><highlight class="keywordtype">char</highlight><highlight class="normal"><sp/>freq;</highlight></codeline>
<codeline lineno="27"><highlight class="normal"><sp/><sp/><sp/><sp/>Adj<sp/>*lista;</highlight></codeline>
<codeline lineno="28"><highlight class="normal">}<sp/>Vertice;</highlight></codeline>
<codeline lineno="29"><highlight class="normal"></highlight></codeline>
<codeline lineno="30" refid="structgrafo" refkind="compound"><highlight class="normal"></highlight><highlight class="keyword">typedef</highlight><highlight class="normal"><sp/></highlight><highlight class="keyword">struct<sp/></highlight><highlight class="normal"><ref refid="structgrafo" kindref="compound">grafo</ref><sp/>{</highlight></codeline>
<codeline lineno="31"><highlight class="normal"><sp/><sp/><sp/><sp/></highlight><highlight class="keywordtype">int</highlight><highlight class="normal"><sp/>n_vertices;</highlight></codeline>
<codeline lineno="32"><highlight class="normal"><sp/><sp/><sp/><sp/>Vertice<sp/>vertices[MAX_VERTICES];</highlight></codeline>
<codeline lineno="33"><highlight class="normal">}<sp/>Grafo;</highlight></codeline>
<codeline lineno="34"><highlight class="normal"></highlight></codeline>
<codeline lineno="35"><highlight class="normal"></highlight></codeline>
<codeline lineno="36"><highlight class="normal"></highlight><highlight class="keywordtype">void</highlight><highlight class="normal"><sp/><ref refid="grafo_8h_1a41f43196384519bc86cedaa2add15902" kindref="member">inicializaGrafo</ref>(Grafo<sp/>*g);</highlight></codeline>
<codeline lineno="37"><highlight class="normal"></highlight><highlight class="keywordtype">int</highlight><highlight class="normal"><sp/><ref refid="grafo_8h_1ad0e922e8998db2ce1b829ee52ed583a7" kindref="member">adicionaVertice</ref>(Grafo<sp/>*g,<sp/></highlight><highlight class="keywordtype">int</highlight><highlight class="normal"><sp/>x,<sp/></highlight><highlight class="keywordtype">int</highlight><highlight class="normal"><sp/>y,<sp/></highlight><highlight class="keywordtype">char</highlight><highlight class="normal"><sp/>freq);</highlight></codeline>
<codeline lineno="38"><highlight class="normal"></highlight><highlight class="keywordtype">void</highlight><highlight class="normal"><sp/><ref refid="grafo_8h_1a66d9d6385ec027346ffc2c39ad307ad4" kindref="member">adicionaAresta</ref>(Grafo<sp/>*g,<sp/></highlight><highlight class="keywordtype">int</highlight><highlight class="normal"><sp/>orig,<sp/></highlight><highlight class="keywordtype">int</highlight><highlight class="normal"><sp/>dest);</highlight></codeline>
<codeline lineno="39"><highlight class="normal"></highlight><highlight class="keywordtype">void</highlight><highlight class="normal"><sp/><ref refid="grafo_8h_1a4260eaefd00a66631206e5743ae47b88" kindref="member">imprimeGrafo</ref>(Grafo<sp/>*g);</highlight></codeline>
<codeline lineno="40"><highlight class="normal"></highlight><highlight class="keywordtype">void</highlight><highlight class="normal"><sp/><ref refid="grafo_8h_1a562457b89adc87f2389c61373499fd83" kindref="member">dfs</ref>(Grafo<sp/>*g,<sp/></highlight><highlight class="keywordtype">int</highlight><highlight class="normal"><sp/>start_id);</highlight></codeline>
<codeline lineno="41"><highlight class="normal"></highlight><highlight class="keywordtype">void</highlight><highlight class="normal"><sp/><ref refid="grafo_8h_1a59a62882be97d2e4daf143a5585b10af" kindref="member">bfs</ref>(Grafo<sp/>*g,<sp/></highlight><highlight class="keywordtype">int</highlight><highlight class="normal"><sp/>start_id);</highlight></codeline>
<codeline lineno="42"><highlight class="normal"></highlight><highlight class="keywordtype">void</highlight><highlight class="normal"><sp/><ref refid="grafo_8h_1a3aa60bd76c822db53ccc812f1707e0b5" kindref="member">listarCaminhos</ref>(Grafo<sp/>*g,<sp/></highlight><highlight class="keywordtype">int</highlight><highlight class="normal"><sp/>origem,<sp/></highlight><highlight class="keywordtype">int</highlight><highlight class="normal"><sp/>destino);</highlight></codeline>
<codeline lineno="43"><highlight class="normal"></highlight></codeline>
<codeline lineno="44"><highlight class="normal"></highlight><highlight class="preprocessor">#endif</highlight></codeline>
    </programlisting>
    <location file="grafo.h"/>
  </compounddef>
</doxygen>
