<?xml version='1.0' encoding='UTF-8' standalone='no'?>
<doxygen xmlns:xsi="http://www.w3.org/2001/XMLSchema-instance" xsi:noNamespaceSchemaLocation="compound.xsd" version="1.13.2" xml:lang="en-US">
  <compounddef id="structadj" kind="struct" language="C++" prot="public">
    <compoundname>adj</compoundname>
    <sectiondef kind="public-attrib">
      <memberdef kind="variable" id="structadj_1aba3f1ed3cfde575d5df2ef73257f05c7" prot="public" static="no" mutable="no">
        <type>int</type>
        <definition>int adj::dest</definition>
        <argsstring></argsstring>
        <name>dest</name>
        <qualifiedname>adj::dest</qualifiedname>
        <briefdescription>
        </briefdescription>
        <detaileddescription>
        </detaileddescription>
        <inbodydescription>
        </inbodydescription>
        <location file="grafo.h" line="19" column="9" bodyfile="grafo.h" bodystart="19" bodyend="-1"/>
      </memberdef>
      <memberdef kind="variable" id="structadj_1a69bb00e4cc274690297b61d3c473cb6e" prot="public" static="no" mutable="no">
        <type>struct <ref refid="structadj" kindref="compound">adj</ref> *</type>
        <definition>struct adj* adj::prox</definition>
        <argsstring></argsstring>
        <name>prox</name>
        <qualifiedname>adj::prox</qualifiedname>
        <briefdescription>
        </briefdescription>
        <detaileddescription>
        </detaileddescription>
        <inbodydescription>
        </inbodydescription>
        <location file="grafo.h" line="20" column="14" bodyfile="grafo.h" bodystart="20" bodyend="-1"/>
      </memberdef>
    </sectiondef>
    <briefdescription>
    </briefdescription>
    <detaileddescription>
    </detaileddescription>
    <collaborationgraph>
      <node id="1">
        <label>adj</label>
        <link refid="structadj"/>
        <childnode refid="1" relation="usage">
          <edgelabel>prox</edgelabel>
        </childnode>
      </node>
    </collaborationgraph>
    <location file="grafo.h" line="18" column="1" bodyfile="grafo.h" bodystart="18" bodyend="21"/>
    <listofallmembers>
      <member refid="structadj_1aba3f1ed3cfde575d5df2ef73257f05c7" prot="public" virt="non-virtual"><scope>adj</scope><name>dest</name></member>
      <member refid="structadj_1a69bb00e4cc274690297b61d3c473cb6e" prot="public" virt="non-virtual"><scope>adj</scope><name>prox</name></member>
    </listofallmembers>
  </compounddef>
</doxygen>
