<?xml version='1.0' encoding='UTF-8' standalone='no'?>
<doxygen xmlns:xsi="http://www.w3.org/2001/XMLSchema-instance" xsi:noNamespaceSchemaLocation="compound.xsd" version="1.13.2" xml:lang="en-US">
  <compounddef id="structgrafo" kind="struct" language="C++" prot="public">
    <compoundname>grafo</compoundname>
    <sectiondef kind="public-attrib">
      <memberdef kind="variable" id="structgrafo_1ab11912489fc3c8a0875dff12417fe95a" prot="public" static="no" mutable="no">
        <type>int</type>
        <definition>int grafo::n_vertices</definition>
        <argsstring></argsstring>
        <name>n_vertices</name>
        <qualifiedname>grafo::n_vertices</qualifiedname>
        <briefdescription>
        </briefdescription>
        <detaileddescription>
        </detaileddescription>
        <inbodydescription>
        </inbodydescription>
        <location file="grafo.h" line="31" column="9" bodyfile="grafo.h" bodystart="31" bodyend="-1"/>
      </memberdef>
      <memberdef kind="variable" id="structgrafo_1a98dbb59f21c2cc834513f36fd1844998" prot="public" static="no" mutable="no">
        <type><ref refid="structvertice" kindref="compound">Vertice</ref></type>
        <definition>Vertice grafo::vertices[MAX_VERTICES]</definition>
        <argsstring>[MAX_VERTICES]</argsstring>
        <name>vertices</name>
        <qualifiedname>grafo::vertices</qualifiedname>
        <briefdescription>
        </briefdescription>
        <detaileddescription>
        </detaileddescription>
        <inbodydescription>
        </inbodydescription>
        <location file="grafo.h" line="32" column="13" bodyfile="grafo.h" bodystart="32" bodyend="-1"/>
      </memberdef>
    </sectiondef>
    <briefdescription>
    </briefdescription>
    <detaileddescription>
    </detaileddescription>
    <collaborationgraph>
      <node id="3">
        <label>adj</label>
        <link refid="structadj"/>
        <childnode refid="3" relation="usage">
          <edgelabel>prox</edgelabel>
        </childnode>
      </node>
      <node id="1">
        <label>grafo</label>
        <link refid="structgrafo"/>
        <childnode refid="2" relation="usage">
          <edgelabel>vertices</edgelabel>
        </childnode>
      </node>
      <node id="2">
        <label>vertice</label>
        <link refid="structvertice"/>
        <childnode refid="3" relation="usage">
          <edgelabel>lista</edgelabel>
        </childnode>
      </node>
    </collaborationgraph>
    <location file="grafo.h" line="30" column="1" bodyfile="grafo.h" bodystart="30" bodyend="33"/>
    <listofallmembers>
      <member refid="structgrafo_1ab11912489fc3c8a0875dff12417fe95a" prot="public" virt="non-virtual"><scope>grafo</scope><name>n_vertices</name></member>
      <member refid="structgrafo_1a98dbb59f21c2cc834513f36fd1844998" prot="public" virt="non-virtual"><scope>grafo</scope><name>vertices</name></member>
    </listofallmembers>
  </compounddef>
</doxygen>
