<?xml version='1.0' encoding='UTF-8' standalone='no'?>
<doxygen xmlns:xsi="http://www.w3.org/2001/XMLSchema-instance" xsi:noNamespaceSchemaLocation="compound.xsd" version="1.13.2" xml:lang="en-US">
  <compounddef id="utils_8h" kind="file" language="C++">
    <compoundname>utils.h</compoundname>
    <includes refid="grafo_8h" local="yes">grafo.h</includes>
    <includedby refid="main_8c" local="yes">main.c</includedby>
    <includedby refid="utils_8c" local="yes">utils.c</includedby>
    <incdepgraph>
      <node id="2">
        <label>grafo.h</label>
        <link refid="grafo_8h"/>
      </node>
      <node id="1">
        <label>utils.h</label>
        <link refid="utils_8h"/>
        <childnode refid="2" relation="include">
        </childnode>
      </node>
    </incdepgraph>
    <invincdepgraph>
      <node id="2">
        <label>main.c</label>
        <link refid="main_8c"/>
      </node>
      <node id="3">
        <label>utils.c</label>
        <link refid="utils_8c"/>
      </node>
      <node id="1">
        <label>utils.h</label>
        <link refid="utils_8h"/>
        <childnode refid="2" relation="include">
        </childnode>
        <childnode refid="3" relation="include">
        </childnode>
      </node>
    </invincdepgraph>
    <sectiondef kind="func">
      <memberdef kind="function" id="utils_8h_1a0f84e909753715499c399befc6f62e4e" prot="public" static="no" const="no" explicit="no" inline="no" virt="non-virtual">
        <type>int</type>
        <definition>int carregarMatrizParaGrafo</definition>
        <argsstring>(const char *filename, Grafo *g)</argsstring>
        <name>carregarMatrizParaGrafo</name>
        <param>
          <type>const char *</type>
          <declname>filename</declname>
        </param>
        <param>
          <type><ref refid="structgrafo" kindref="compound">Grafo</ref> *</type>
          <declname>g</declname>
        </param>
        <briefdescription>
<para>Lê uma matriz de antenas a partir do ficheiro de texto e constrói o grafo. </para>
        </briefdescription>
        <detaileddescription>
<para><parameterlist kind="param"><parameteritem>
<parameternamelist>
<parametername>filename</parametername>
</parameternamelist>
<parameterdescription>
<para>Nome do ficheiro da matriz de antenas </para>
</parameterdescription>
</parameteritem>
<parameteritem>
<parameternamelist>
<parametername>g</parametername>
</parameternamelist>
<parameterdescription>
<para>Apontador para o grafo a ser preenchido </para>
</parameterdescription>
</parameteritem>
</parameterlist>
<simplesect kind="return"><para>Return 1 se o carregamento for bem-sucedido ou 0 em caso de erro </para>
</simplesect>
</para>
        </detaileddescription>
        <inbodydescription>
        </inbodydescription>
        <location file="utils.h" line="18" column="5" bodyfile="utils.c" bodystart="20" bodyend="49" declfile="utils.h" declline="18" declcolumn="5"/>
        <references refid="grafo_8c_1a66d9d6385ec027346ffc2c39ad307ad4" compoundref="grafo_8c" startline="47" endline="61">adicionaAresta</references>
        <references refid="grafo_8c_1ad0e922e8998db2ce1b829ee52ed583a7" compoundref="grafo_8c" startline="31" endline="41">adicionaVertice</references>
      </memberdef>
    </sectiondef>
    <briefdescription>
    </briefdescription>
    <detaileddescription>
<para><simplesect kind="author"><para>Daniel Vilaça (<ulink url="mailto:a16939@alunos.ipca.pt">a16939@alunos.ipca.pt</ulink>) </para>
</simplesect>
<simplesect kind="version"><para>1.0 </para>
</simplesect>
<simplesect kind="date"><para>2025-05-18</para>
</simplesect>
<simplesect kind="copyright"><para>Copyright (c) 2025 </para>
</simplesect>
</para>
    </detaileddescription>
    <programlisting>
<codeline lineno="1"><highlight class="normal"></highlight></codeline>
<codeline lineno="11"><highlight class="normal"></highlight></codeline>
<codeline lineno="12"><highlight class="normal"></highlight></codeline>
<codeline lineno="13"><highlight class="normal"></highlight><highlight class="preprocessor">#ifndef<sp/>UTILS_H</highlight><highlight class="normal"></highlight></codeline>
<codeline lineno="14"><highlight class="normal"></highlight><highlight class="preprocessor">#define<sp/>UTILS_H</highlight><highlight class="normal"></highlight></codeline>
<codeline lineno="15"><highlight class="normal"></highlight></codeline>
<codeline lineno="16"><highlight class="normal"></highlight><highlight class="preprocessor">#include<sp/>&quot;<ref refid="grafo_8h" kindref="compound">grafo.h</ref>&quot;</highlight><highlight class="normal"></highlight></codeline>
<codeline lineno="17"><highlight class="normal"></highlight></codeline>
<codeline lineno="18"><highlight class="normal"></highlight><highlight class="keywordtype">int</highlight><highlight class="normal"><sp/><ref refid="utils_8h_1a0f84e909753715499c399befc6f62e4e" kindref="member">carregarMatrizParaGrafo</ref>(</highlight><highlight class="keyword">const</highlight><highlight class="normal"><sp/></highlight><highlight class="keywordtype">char</highlight><highlight class="normal"><sp/>*filename,<sp/>Grafo<sp/>*g);</highlight></codeline>
<codeline lineno="19"><highlight class="normal"></highlight></codeline>
<codeline lineno="20"><highlight class="normal"></highlight><highlight class="preprocessor">#endif</highlight></codeline>
    </programlisting>
    <location file="utils.h"/>
  </compounddef>
</doxygen>
