<?xml version='1.0' encoding='UTF-8' standalone='no'?>
<section xmlns="http://docbook.org/ns/docbook" version="5.0" xmlns:xlink="http://www.w3.org/1999/xlink" xml:id="_annotated" xml:lang="en-US">
<title>Class List</title>
Here are the classes, structs, unions and interfaces with brief descriptions:<link linkend="_struct_antena">Antena</link>
<para>Estrutura que representa uma antena </para>
<link linkend="_struct_node">Node</link>
<para>Estrutura de um nó da lista ligada de efeitos nefastos </para>
</section>
