<?xml version='1.0' encoding='UTF-8' standalone='no'?>
<book xmlns="http://docbook.org/ns/docbook" version="5.0" xmlns:xlink="http://www.w3.org/1999/xlink" xml:id="_index" xml:lang="en-US">
    <info>
    <title>EDA_16939_Fase1</title>
    </info>
<chapter>
    <title>Class Documentation</title>
    <xi:include href="struct_antena.xml" xmlns:xi="http://www.w3.org/2001/XInclude"/>
    <xi:include href="struct_node.xml" xmlns:xi="http://www.w3.org/2001/XInclude"/>
</chapter>
<chapter>
    <title>File Documentation</title>
    <xi:include href="antena_8c.xml" xmlns:xi="http://www.w3.org/2001/XInclude"/>
    <xi:include href="antena_8c_source.xml" xmlns:xi="http://www.w3.org/2001/XInclude"/>
    <xi:include href="antena_8h.xml" xmlns:xi="http://www.w3.org/2001/XInclude"/>
    <xi:include href="antena_8h_source.xml" xmlns:xi="http://www.w3.org/2001/XInclude"/>
    <xi:include href="main_8c.xml" xmlns:xi="http://www.w3.org/2001/XInclude"/>
    <xi:include href="main_8c_source.xml" xmlns:xi="http://www.w3.org/2001/XInclude"/>
    <xi:include href="matriz_8c.xml" xmlns:xi="http://www.w3.org/2001/XInclude"/>
    <xi:include href="matriz_8c_source.xml" xmlns:xi="http://www.w3.org/2001/XInclude"/>
    <xi:include href="matriz_8h.xml" xmlns:xi="http://www.w3.org/2001/XInclude"/>
    <xi:include href="matriz_8h_source.xml" xmlns:xi="http://www.w3.org/2001/XInclude"/>
</chapter>
<index/>
</book>
