<?xml version='1.0' encoding='UTF-8' standalone='no'?>
<section xmlns="http://docbook.org/ns/docbook" version="5.0" xmlns:xlink="http://www.w3.org/1999/xlink" xml:id="_main_8c" xml:lang="en-US">
<title>main.c File Reference</title>
<indexterm><primary>main.c</primary></indexterm>
<programlisting linenumbering="unnumbered">#include &lt;stdio.h&gt;<?linebreak?>#include &lt;stdlib.h&gt;<?linebreak?>#include &quot;antena.h&quot;<?linebreak?>#include &quot;matriz.h&quot;<?linebreak?></programlisting>Include dependency graph for main.c:<para>
    <informalfigure>
        <mediaobject>
            <imageobject>
                <imagedata width="50%" align="center" valign="middle" scalefit="0" fileref="main_8c__incl.png"></imagedata>
            </imageobject>
        </mediaobject>
    </informalfigure>
</para>
<simplesect>
    <title>Functions    </title>
        <itemizedlist>
            <listitem><para>int <link linkend="_main_8c_1ae66f6b31b5ad750f1fe042a706a4e3d4">main</link> ()</para>

<para>Função principal do programa. Exibe menu para o utilizador interagir com a matriz e antenas. </para>
</listitem>
        </itemizedlist>
</simplesect>
<section>
<title>Detailed Description</title>

<para><formalpara><title>Author</title>

<para>Daniel Vilaça (<link xlink:href="mailto:a16939@alunos.ipca.pt">a16939@alunos.ipca.pt</link>) </para>
</formalpara>
<formalpara><title>Version</title>

<para>1.0 </para>
</formalpara>
<formalpara><title>Date</title>

<para>2025-03-30</para>
</formalpara>
<formalpara><title>Copyright</title>

<para>Copyright (c) 2025 </para>
</formalpara>
</para>
<para>
Definition in file <link linkend="_main_8c_source">main.c</link>.</para>
</section>
<section>
<title>Function Documentation</title>
<anchor xml:id="_main_8c_1ae66f6b31b5ad750f1fe042a706a4e3d4"/><section>
    <title>main()</title>
<indexterm><primary>main</primary><secondary>main.c</secondary></indexterm>
<indexterm><primary>main.c</primary><secondary>main</secondary></indexterm>
<para><computeroutput>int main ( )</computeroutput></para><para>

<para>Função principal do programa. Exibe menu para o utilizador interagir com a matriz e antenas. </para>
</para>

<para>Permite carregar matriz de ficheiro, inserir/remover antenas, visualizar matriz e os efeitos nefastos</para>

<para><formalpara><title>Returns</title>

<para>int Código de retorno do programa </para>
</formalpara>
</para>
<para>
Definition at line <link linkend="_main_8c_source_1l00025">25</link> of file <link linkend="_main_8c_source">main.c</link>.</para>
</section>
</section>
</section>
