<?xml version='1.0' encoding='UTF-8' standalone='no'?>
<section xmlns="http://docbook.org/ns/docbook" version="5.0" xmlns:xlink="http://www.w3.org/1999/xlink" xml:id="_main_8c_source" xml:lang="en-US">
<title>main.c</title>
Go to the documentation of this file.<programlisting linenumbering="unnumbered"><anchor xml:id="_main_8c_source_1l00001"/>00001 
<anchor xml:id="_main_8c_source_1l00011"/>00011 
<anchor xml:id="_main_8c_source_1l00012"/>00012 <emphasis role="preprocessor">#include&#32;&lt;stdio.h&gt;</emphasis>
<anchor xml:id="_main_8c_source_1l00013"/>00013 <emphasis role="preprocessor">#include&#32;&lt;stdlib.h&gt;</emphasis>
<anchor xml:id="_main_8c_source_1l00014"/>00014 <emphasis role="preprocessor">#include&#32;&quot;<link linkend="_antena_8h">antena.h</link>&quot;</emphasis>
<anchor xml:id="_main_8c_source_1l00015"/>00015 <emphasis role="preprocessor">#include&#32;&quot;<link linkend="_matriz_8h">matriz.h</link>&quot;</emphasis>
<anchor xml:id="_main_8c_source_1l00016"/>00016 
<anchor xml:id="_main_8c_source_1l00017"/>00017 
<anchor xml:id="_main_8c_source_1l00025"/><link linkend="_main_8c_1ae66f6b31b5ad750f1fe042a706a4e3d4">00025</link> <emphasis role="keywordtype">int</emphasis>&#32;<link linkend="_main_8c_1ae66f6b31b5ad750f1fe042a706a4e3d4">main</link>()&#32;{
<anchor xml:id="_main_8c_source_1l00026"/>00026 
<anchor xml:id="_main_8c_source_1l00027"/>00027 &#32;&#32;&#32;&#32;<link linkend="_struct_antena">Antena</link>&#32;*listaAntenas&#32;=&#32;NULL;
<anchor xml:id="_main_8c_source_1l00028"/>00028 &#32;&#32;&#32;&#32;<emphasis role="keywordtype">int</emphasis>&#32;linhas&#32;=&#32;0,&#32;colunas&#32;=&#32;0;
<anchor xml:id="_main_8c_source_1l00029"/>00029 &#32;&#32;&#32;&#32;<emphasis role="keywordtype">int</emphasis>&#32;opcao;
<anchor xml:id="_main_8c_source_1l00030"/>00030 &#32;&#32;&#32;&#32;<emphasis role="keywordtype">char</emphasis>&#32;nomeFicheiro[100];
<anchor xml:id="_main_8c_source_1l00031"/>00031 
<anchor xml:id="_main_8c_source_1l00032"/>00032 &#32;&#32;&#32;&#32;<emphasis role="keywordflow">do</emphasis>&#32;{
<anchor xml:id="_main_8c_source_1l00033"/>00033 
<anchor xml:id="_main_8c_source_1l00034"/>00034 &#32;&#32;&#32;&#32;&#32;&#32;&#32;&#32;printf(<emphasis role="stringliteral">&quot;\n1.&#32;Load&#32;da&#32;matriz&#32;de&#32;ficheiro\n2.&#32;Inserir&#32;antena\n3.&#32;Remover&#32;antena\n4.&#32;Exibir&#32;Matriz\n5.&#32;Sair\nEscolha:&#32;&quot;</emphasis>);
<anchor xml:id="_main_8c_source_1l00035"/>00035 &#32;&#32;&#32;&#32;&#32;&#32;&#32;&#32;scanf(<emphasis role="stringliteral">&quot;%d&quot;</emphasis>,&#32;&amp;opcao);
<anchor xml:id="_main_8c_source_1l00036"/>00036 
<anchor xml:id="_main_8c_source_1l00037"/>00037 &#32;&#32;&#32;&#32;&#32;&#32;&#32;&#32;<emphasis role="keywordflow">if</emphasis>&#32;(opcao&#32;==&#32;1)&#32;{
<anchor xml:id="_main_8c_source_1l00038"/>00038 
<anchor xml:id="_main_8c_source_1l00039"/>00039 &#32;&#32;&#32;&#32;&#32;&#32;&#32;&#32;&#32;&#32;&#32;&#32;printf(<emphasis role="stringliteral">&quot;Nome&#32;do&#32;ficheiro:&#32;&quot;</emphasis>);
<anchor xml:id="_main_8c_source_1l00040"/>00040 &#32;&#32;&#32;&#32;&#32;&#32;&#32;&#32;&#32;&#32;&#32;&#32;scanf(<emphasis role="stringliteral">&quot;%s&quot;</emphasis>,&#32;nomeFicheiro);
<anchor xml:id="_main_8c_source_1l00041"/>00041 &#32;&#32;&#32;&#32;&#32;&#32;&#32;&#32;&#32;&#32;&#32;&#32;<link linkend="_antena_8c_1a66ea723ccc8f6e107b0c215c4b2dd28f">libertarAntenas</link>(listaAntenas);
<anchor xml:id="_main_8c_source_1l00042"/>00042 &#32;&#32;&#32;&#32;&#32;&#32;&#32;&#32;&#32;&#32;&#32;&#32;listaAntenas&#32;=&#32;NULL;
<anchor xml:id="_main_8c_source_1l00043"/>00043 &#32;&#32;&#32;&#32;&#32;&#32;&#32;&#32;&#32;&#32;&#32;&#32;<link linkend="_matriz_8c_1ae03a71ace65214ff61d91e0338498fc2">carregarMatrizDoFicheiro</link>(nomeFicheiro,&#32;&amp;listaAntenas,&#32;&amp;linhas,&#32;&amp;colunas);
<anchor xml:id="_main_8c_source_1l00044"/>00044 
<anchor xml:id="_main_8c_source_1l00045"/>00045 &#32;&#32;&#32;&#32;&#32;&#32;&#32;&#32;}&#32;<emphasis role="keywordflow">else</emphasis>&#32;<emphasis role="keywordflow">if</emphasis>&#32;(opcao&#32;==&#32;2)&#32;{
<anchor xml:id="_main_8c_source_1l00046"/>00046 
<anchor xml:id="_main_8c_source_1l00047"/>00047 &#32;&#32;&#32;&#32;&#32;&#32;&#32;&#32;&#32;&#32;&#32;&#32;<emphasis role="keywordtype">char</emphasis>&#32;freq;
<anchor xml:id="_main_8c_source_1l00048"/>00048 &#32;&#32;&#32;&#32;&#32;&#32;&#32;&#32;&#32;&#32;&#32;&#32;<emphasis role="keywordtype">int</emphasis>&#32;linha,&#32;coluna;
<anchor xml:id="_main_8c_source_1l00049"/>00049 
<anchor xml:id="_main_8c_source_1l00050"/>00050 &#32;&#32;&#32;&#32;&#32;&#32;&#32;&#32;&#32;&#32;&#32;&#32;printf(<emphasis role="stringliteral">&quot;Frequencia:&#32;&quot;</emphasis>);
<anchor xml:id="_main_8c_source_1l00051"/>00051 &#32;&#32;&#32;&#32;&#32;&#32;&#32;&#32;&#32;&#32;&#32;&#32;scanf(<emphasis role="stringliteral">&quot;&#32;%c&quot;</emphasis>,&#32;&amp;freq);
<anchor xml:id="_main_8c_source_1l00052"/>00052 &#32;&#32;&#32;&#32;&#32;&#32;&#32;&#32;&#32;&#32;&#32;&#32;printf(<emphasis role="stringliteral">&quot;Linha:&#32;&quot;</emphasis>);
<anchor xml:id="_main_8c_source_1l00053"/>00053 &#32;&#32;&#32;&#32;&#32;&#32;&#32;&#32;&#32;&#32;&#32;&#32;scanf(<emphasis role="stringliteral">&quot;%d&quot;</emphasis>,&#32;&amp;linha);
<anchor xml:id="_main_8c_source_1l00054"/>00054 &#32;&#32;&#32;&#32;&#32;&#32;&#32;&#32;&#32;&#32;&#32;&#32;printf(<emphasis role="stringliteral">&quot;Coluna:&#32;&quot;</emphasis>);
<anchor xml:id="_main_8c_source_1l00055"/>00055 &#32;&#32;&#32;&#32;&#32;&#32;&#32;&#32;&#32;&#32;&#32;&#32;scanf(<emphasis role="stringliteral">&quot;%d&quot;</emphasis>,&#32;&amp;coluna);
<anchor xml:id="_main_8c_source_1l00056"/>00056 &#32;&#32;&#32;&#32;&#32;&#32;&#32;&#32;&#32;&#32;&#32;&#32;<link linkend="_antena_8c_1acc0269270f879978a2b329a200244697">inserirAntena</link>(&amp;listaAntenas,&#32;freq,&#32;linha&#32;-&#32;1,&#32;coluna&#32;-&#32;1);
<anchor xml:id="_main_8c_source_1l00057"/>00057 
<anchor xml:id="_main_8c_source_1l00058"/>00058 &#32;&#32;&#32;&#32;&#32;&#32;&#32;&#32;}&#32;<emphasis role="keywordflow">else</emphasis>&#32;<emphasis role="keywordflow">if</emphasis>&#32;(opcao&#32;==&#32;3)&#32;{
<anchor xml:id="_main_8c_source_1l00059"/>00059 
<anchor xml:id="_main_8c_source_1l00060"/>00060 &#32;&#32;&#32;&#32;&#32;&#32;&#32;&#32;&#32;&#32;&#32;&#32;<emphasis role="keywordtype">int</emphasis>&#32;linha,&#32;coluna;
<anchor xml:id="_main_8c_source_1l00061"/>00061 &#32;&#32;&#32;&#32;&#32;&#32;&#32;&#32;&#32;&#32;&#32;&#32;
<anchor xml:id="_main_8c_source_1l00062"/>00062 &#32;&#32;&#32;&#32;&#32;&#32;&#32;&#32;&#32;&#32;&#32;&#32;printf(<emphasis role="stringliteral">&quot;Linha:&#32;&quot;</emphasis>);
<anchor xml:id="_main_8c_source_1l00063"/>00063 &#32;&#32;&#32;&#32;&#32;&#32;&#32;&#32;&#32;&#32;&#32;&#32;scanf(<emphasis role="stringliteral">&quot;%d&quot;</emphasis>,&#32;&amp;linha);
<anchor xml:id="_main_8c_source_1l00064"/>00064 &#32;&#32;&#32;&#32;&#32;&#32;&#32;&#32;&#32;&#32;&#32;&#32;printf(<emphasis role="stringliteral">&quot;Coluna:&#32;&quot;</emphasis>);
<anchor xml:id="_main_8c_source_1l00065"/>00065 &#32;&#32;&#32;&#32;&#32;&#32;&#32;&#32;&#32;&#32;&#32;&#32;scanf(<emphasis role="stringliteral">&quot;%d&quot;</emphasis>,&#32;&amp;coluna);
<anchor xml:id="_main_8c_source_1l00066"/>00066 &#32;&#32;&#32;&#32;&#32;&#32;&#32;&#32;&#32;&#32;&#32;&#32;<link linkend="_antena_8c_1ae669c21caa03887ddee7c957a10fbf40">removerAntena</link>(&amp;listaAntenas,&#32;linha&#32;-&#32;1,&#32;coluna&#32;-&#32;1);
<anchor xml:id="_main_8c_source_1l00067"/>00067 
<anchor xml:id="_main_8c_source_1l00068"/>00068 &#32;&#32;&#32;&#32;&#32;&#32;&#32;&#32;}&#32;<emphasis role="keywordflow">else</emphasis>&#32;<emphasis role="keywordflow">if</emphasis>&#32;(opcao&#32;==&#32;4)&#32;{
<anchor xml:id="_main_8c_source_1l00069"/>00069 
<anchor xml:id="_main_8c_source_1l00070"/>00070 &#32;&#32;&#32;&#32;&#32;&#32;&#32;&#32;&#32;&#32;&#32;&#32;<link linkend="_matriz_8c_1aba3864945dc2745df349ff8d16243f54">exibirMatriz</link>(listaAntenas,&#32;linhas,&#32;colunas);
<anchor xml:id="_main_8c_source_1l00071"/>00071 &#32;&#32;&#32;&#32;&#32;&#32;&#32;&#32;}
<anchor xml:id="_main_8c_source_1l00072"/>00072 
<anchor xml:id="_main_8c_source_1l00073"/>00073 &#32;&#32;&#32;&#32;}&#32;<emphasis role="keywordflow">while</emphasis>&#32;(opcao&#32;!=&#32;5);
<anchor xml:id="_main_8c_source_1l00074"/>00074 
<anchor xml:id="_main_8c_source_1l00075"/>00075 &#32;&#32;&#32;&#32;<link linkend="_antena_8c_1a66ea723ccc8f6e107b0c215c4b2dd28f">libertarAntenas</link>(listaAntenas);
<anchor xml:id="_main_8c_source_1l00076"/>00076 
<anchor xml:id="_main_8c_source_1l00077"/>00077 &#32;&#32;&#32;&#32;<emphasis role="keywordflow">return</emphasis>&#32;0;
<anchor xml:id="_main_8c_source_1l00078"/>00078 }
</programlisting></section>
