<?xml version='1.0' encoding='UTF-8' standalone='no'?>
<section xmlns="http://docbook.org/ns/docbook" version="5.0" xmlns:xlink="http://www.w3.org/1999/xlink" xml:id="_matriz_8c_source" xml:lang="en-US">
<title>matriz.c</title>
Go to the documentation of this file.<programlisting linenumbering="unnumbered"><anchor xml:id="_matriz_8c_source_1l00001"/>00001 
<anchor xml:id="_matriz_8c_source_1l00011"/>00011 
<anchor xml:id="_matriz_8c_source_1l00012"/>00012 <emphasis role="preprocessor">#include&#32;&lt;stdio.h&gt;</emphasis>
<anchor xml:id="_matriz_8c_source_1l00013"/>00013 <emphasis role="preprocessor">#include&#32;&lt;stdlib.h&gt;</emphasis>
<anchor xml:id="_matriz_8c_source_1l00014"/>00014 <emphasis role="preprocessor">#include&#32;&lt;string.h&gt;</emphasis>
<anchor xml:id="_matriz_8c_source_1l00015"/>00015 <emphasis role="preprocessor">#include&#32;&lt;locale.h&gt;</emphasis>
<anchor xml:id="_matriz_8c_source_1l00016"/>00016 <emphasis role="preprocessor">#include&#32;&quot;<link linkend="_matriz_8h">matriz.h</link>&quot;</emphasis>
<anchor xml:id="_matriz_8c_source_1l00017"/>00017 
<anchor xml:id="_matriz_8c_source_1l00018"/>00018 
<anchor xml:id="_matriz_8c_source_1l00026"/><link linkend="_matriz_8c_1a14d59b78779d5b1b5ab79aac7c3eb43a">00026</link> <emphasis role="keywordtype">void</emphasis>&#32;<link linkend="_matriz_8c_1a14d59b78779d5b1b5ab79aac7c3eb43a">inserirNefasto</link>(<link linkend="_struct_node">Node</link>&#32;**aux,&#32;<emphasis role="keywordtype">int</emphasis>&#32;linha,&#32;<emphasis role="keywordtype">int</emphasis>&#32;coluna)&#32;{
<anchor xml:id="_matriz_8c_source_1l00027"/>00027 &#32;&#32;&#32;&#32;<emphasis role="keywordflow">for</emphasis>&#32;(<link linkend="_struct_node">Node</link>&#32;*n&#32;=&#32;*aux;&#32;n&#32;!=&#32;NULL;&#32;n&#32;=&#32;n-&gt;next)
<anchor xml:id="_matriz_8c_source_1l00028"/>00028 &#32;&#32;&#32;&#32;&#32;&#32;&#32;&#32;<emphasis role="keywordflow">if</emphasis>&#32;(n-&gt;linha&#32;==&#32;linha&#32;&amp;&amp;&#32;n-&gt;coluna&#32;==&#32;coluna)&#32;<emphasis role="keywordflow">return</emphasis>;
<anchor xml:id="_matriz_8c_source_1l00029"/>00029 
<anchor xml:id="_matriz_8c_source_1l00030"/>00030 &#32;&#32;&#32;&#32;<link linkend="_struct_node">Node</link>&#32;*novo&#32;=&#32;(<link linkend="_struct_node">Node</link>&#32;*)malloc(<emphasis role="keyword">sizeof</emphasis>(<link linkend="_struct_node">Node</link>));
<anchor xml:id="_matriz_8c_source_1l00031"/>00031 &#32;&#32;&#32;&#32;novo-&gt;linha&#32;=&#32;linha;
<anchor xml:id="_matriz_8c_source_1l00032"/>00032 &#32;&#32;&#32;&#32;novo-&gt;coluna&#32;=&#32;coluna;
<anchor xml:id="_matriz_8c_source_1l00033"/>00033 &#32;&#32;&#32;&#32;novo-&gt;next&#32;=&#32;*aux;
<anchor xml:id="_matriz_8c_source_1l00034"/>00034 &#32;&#32;&#32;&#32;*aux&#32;=&#32;novo;
<anchor xml:id="_matriz_8c_source_1l00035"/>00035 }
<anchor xml:id="_matriz_8c_source_1l00036"/>00036 
<anchor xml:id="_matriz_8c_source_1l00037"/>00037 
<anchor xml:id="_matriz_8c_source_1l00045"/><link linkend="_matriz_8c_1aba3864945dc2745df349ff8d16243f54">00045</link> <emphasis role="keywordtype">void</emphasis>&#32;<link linkend="_matriz_8c_1aba3864945dc2745df349ff8d16243f54">exibirMatriz</link>(<link linkend="_struct_antena">Antena</link>&#32;*listaAntenas,&#32;<emphasis role="keywordtype">int</emphasis>&#32;linhas,&#32;<emphasis role="keywordtype">int</emphasis>&#32;colunas)&#32;{
<anchor xml:id="_matriz_8c_source_1l00046"/>00046 &#32;&#32;&#32;&#32;<emphasis role="keywordtype">char</emphasis>&#32;matriz[100][100];&#32;<emphasis role="comment">//&#32;Máximo</emphasis>
<anchor xml:id="_matriz_8c_source_1l00047"/>00047 
<anchor xml:id="_matriz_8c_source_1l00048"/>00048 &#32;&#32;&#32;&#32;<emphasis role="comment">//&#32;Inicializar&#32;matriz&#32;com&#32;&apos;.&apos;</emphasis>
<anchor xml:id="_matriz_8c_source_1l00049"/>00049 &#32;&#32;&#32;&#32;<emphasis role="keywordflow">for</emphasis>&#32;(<emphasis role="keywordtype">int</emphasis>&#32;i&#32;=&#32;0;&#32;i&#32;&lt;&#32;linhas;&#32;i++)
<anchor xml:id="_matriz_8c_source_1l00050"/>00050 &#32;&#32;&#32;&#32;&#32;&#32;&#32;&#32;<emphasis role="keywordflow">for</emphasis>&#32;(<emphasis role="keywordtype">int</emphasis>&#32;j&#32;=&#32;0;&#32;j&#32;&lt;&#32;colunas;&#32;j++)
<anchor xml:id="_matriz_8c_source_1l00051"/>00051 &#32;&#32;&#32;&#32;&#32;&#32;&#32;&#32;&#32;&#32;&#32;&#32;matriz[i][j]&#32;=&#32;<emphasis role="charliteral">&apos;.&apos;</emphasis>;
<anchor xml:id="_matriz_8c_source_1l00052"/>00052 
<anchor xml:id="_matriz_8c_source_1l00053"/>00053 &#32;&#32;&#32;&#32;<emphasis role="comment">//&#32;Antenas&#32;na&#32;matriz</emphasis>
<anchor xml:id="_matriz_8c_source_1l00054"/>00054 &#32;&#32;&#32;&#32;<emphasis role="keywordflow">for</emphasis>&#32;(<link linkend="_struct_antena">Antena</link>&#32;*a&#32;=&#32;listaAntenas;&#32;a&#32;!=&#32;NULL;&#32;a&#32;=&#32;a-&gt;next)
<anchor xml:id="_matriz_8c_source_1l00055"/>00055 &#32;&#32;&#32;&#32;&#32;&#32;&#32;&#32;matriz[a-&gt;linha][a-&gt;coluna]&#32;=&#32;a-&gt;freq;
<anchor xml:id="_matriz_8c_source_1l00056"/>00056 
<anchor xml:id="_matriz_8c_source_1l00057"/>00057 &#32;&#32;&#32;&#32;<emphasis role="comment">//&#32;Gerar&#32;efeitos&#32;nefastos</emphasis>
<anchor xml:id="_matriz_8c_source_1l00058"/>00058 &#32;&#32;&#32;&#32;<link linkend="_matriz_8c_1a5ea6087f0b529841e75090f478056e67">gerarEfeitosNefastos</link>(listaAntenas,&#32;matriz,&#32;linhas,&#32;colunas);
<anchor xml:id="_matriz_8c_source_1l00059"/>00059 
<anchor xml:id="_matriz_8c_source_1l00060"/>00060 &#32;&#32;&#32;&#32;<emphasis role="comment">//&#32;Exibir&#32;matriz</emphasis>
<anchor xml:id="_matriz_8c_source_1l00061"/>00061 &#32;&#32;&#32;&#32;<emphasis role="comment">//setlocale(LC_ALL,&#32;&quot;C&quot;);</emphasis>
<anchor xml:id="_matriz_8c_source_1l00062"/>00062 &#32;&#32;&#32;&#32;printf(<emphasis role="stringliteral">&quot;\nMatriz:\n&quot;</emphasis>);
<anchor xml:id="_matriz_8c_source_1l00063"/>00063 &#32;&#32;&#32;&#32;<emphasis role="keywordflow">for</emphasis>&#32;(<emphasis role="keywordtype">int</emphasis>&#32;i&#32;=&#32;0;&#32;i&#32;&lt;&#32;linhas;&#32;i++)&#32;{
<anchor xml:id="_matriz_8c_source_1l00064"/>00064 &#32;&#32;&#32;&#32;&#32;&#32;&#32;&#32;<emphasis role="keywordflow">for</emphasis>&#32;(<emphasis role="keywordtype">int</emphasis>&#32;j&#32;=&#32;0;&#32;j&#32;&lt;&#32;colunas;&#32;j++)
<anchor xml:id="_matriz_8c_source_1l00065"/>00065 &#32;&#32;&#32;&#32;&#32;&#32;&#32;&#32;&#32;&#32;&#32;&#32;printf(<emphasis role="stringliteral">&quot;%c&quot;</emphasis>,&#32;matriz[i][j]);
<anchor xml:id="_matriz_8c_source_1l00066"/>00066 &#32;&#32;&#32;&#32;&#32;&#32;&#32;&#32;printf(<emphasis role="stringliteral">&quot;\n&quot;</emphasis>);
<anchor xml:id="_matriz_8c_source_1l00067"/>00067 &#32;&#32;&#32;&#32;}
<anchor xml:id="_matriz_8c_source_1l00068"/>00068 
<anchor xml:id="_matriz_8c_source_1l00069"/>00069 &#32;&#32;&#32;&#32;<emphasis role="comment">//&#32;Listar&#32;antenas</emphasis>
<anchor xml:id="_matriz_8c_source_1l00070"/>00070 &#32;&#32;&#32;&#32;printf(<emphasis role="stringliteral">&quot;\nAntenas:\n&quot;</emphasis>);
<anchor xml:id="_matriz_8c_source_1l00071"/>00071 &#32;&#32;&#32;&#32;<emphasis role="keywordflow">for</emphasis>&#32;(<link linkend="_struct_antena">Antena</link>&#32;*a&#32;=&#32;listaAntenas;&#32;a&#32;!=&#32;NULL;&#32;a&#32;=&#32;a-&gt;next)
<anchor xml:id="_matriz_8c_source_1l00072"/>00072 &#32;&#32;&#32;&#32;&#32;&#32;&#32;&#32;printf(<emphasis role="stringliteral">&quot;Frequencia:&#32;%c&#32;|&#32;Linha:&#32;%d&#32;|&#32;Coluna:&#32;%d\n&quot;</emphasis>,&#32;a-&gt;freq,&#32;a-&gt;linha&#32;+&#32;1,&#32;a-&gt;coluna&#32;+&#32;1);
<anchor xml:id="_matriz_8c_source_1l00073"/>00073 
<anchor xml:id="_matriz_8c_source_1l00074"/>00074 &#32;&#32;&#32;&#32;<emphasis role="comment">//&#32;Listar&#32;efeitos&#32;nefastos</emphasis>
<anchor xml:id="_matriz_8c_source_1l00075"/>00075 &#32;&#32;&#32;&#32;printf(<emphasis role="stringliteral">&quot;\nEfeitos&#32;nefastos:\n&quot;</emphasis>);
<anchor xml:id="_matriz_8c_source_1l00076"/>00076 &#32;&#32;&#32;&#32;<emphasis role="keywordflow">for</emphasis>&#32;(<emphasis role="keywordtype">int</emphasis>&#32;i&#32;=&#32;0;&#32;i&#32;&lt;&#32;linhas;&#32;i++)&#32;{
<anchor xml:id="_matriz_8c_source_1l00077"/>00077 &#32;&#32;&#32;&#32;&#32;&#32;&#32;&#32;<emphasis role="keywordflow">for</emphasis>&#32;(<emphasis role="keywordtype">int</emphasis>&#32;j&#32;=&#32;0;&#32;j&#32;&lt;&#32;colunas;&#32;j++)&#32;{
<anchor xml:id="_matriz_8c_source_1l00078"/>00078 &#32;&#32;&#32;&#32;&#32;&#32;&#32;&#32;&#32;&#32;&#32;&#32;<emphasis role="keywordflow">if</emphasis>&#32;(matriz[i][j]&#32;==&#32;<emphasis role="charliteral">&apos;#&apos;</emphasis>)&#32;{
<anchor xml:id="_matriz_8c_source_1l00079"/>00079 &#32;&#32;&#32;&#32;&#32;&#32;&#32;&#32;&#32;&#32;&#32;&#32;&#32;&#32;&#32;&#32;printf(<emphasis role="stringliteral">&quot;Efeito\t\t|&#32;Linha:&#32;%d\t|&#32;Coluna:&#32;%d\n&quot;</emphasis>,&#32;i&#32;+&#32;1,&#32;j&#32;+&#32;1);
<anchor xml:id="_matriz_8c_source_1l00080"/>00080 &#32;&#32;&#32;&#32;&#32;&#32;&#32;&#32;&#32;&#32;&#32;&#32;}
<anchor xml:id="_matriz_8c_source_1l00081"/>00081 &#32;&#32;&#32;&#32;&#32;&#32;&#32;&#32;}
<anchor xml:id="_matriz_8c_source_1l00082"/>00082 &#32;&#32;&#32;&#32;}
<anchor xml:id="_matriz_8c_source_1l00083"/>00083 }
<anchor xml:id="_matriz_8c_source_1l00084"/>00084 
<anchor xml:id="_matriz_8c_source_1l00085"/>00085 
<anchor xml:id="_matriz_8c_source_1l00094"/><link linkend="_matriz_8c_1a5ea6087f0b529841e75090f478056e67">00094</link> <emphasis role="keywordtype">void</emphasis>&#32;<link linkend="_matriz_8c_1a5ea6087f0b529841e75090f478056e67">gerarEfeitosNefastos</link>(<link linkend="_struct_antena">Antena</link>&#32;*listaAntenas,&#32;<emphasis role="keywordtype">char</emphasis>&#32;matriz[][100],&#32;<emphasis role="keywordtype">int</emphasis>&#32;linhas,&#32;<emphasis role="keywordtype">int</emphasis>&#32;colunas)&#32;{
<anchor xml:id="_matriz_8c_source_1l00095"/>00095 &#32;&#32;&#32;&#32;<emphasis role="keywordflow">for</emphasis>&#32;(<link linkend="_struct_antena">Antena</link>&#32;*a1&#32;=&#32;listaAntenas;&#32;a1&#32;!=&#32;NULL;&#32;a1&#32;=&#32;a1-&gt;next)&#32;{
<anchor xml:id="_matriz_8c_source_1l00096"/>00096 &#32;&#32;&#32;&#32;&#32;&#32;&#32;&#32;<emphasis role="keywordflow">for</emphasis>&#32;(<link linkend="_struct_antena">Antena</link>&#32;*a2&#32;=&#32;a1-&gt;next;&#32;a2&#32;!=&#32;NULL;&#32;a2&#32;=&#32;a2-&gt;next)&#32;{
<anchor xml:id="_matriz_8c_source_1l00097"/>00097 &#32;&#32;&#32;&#32;&#32;&#32;&#32;&#32;&#32;&#32;&#32;&#32;<emphasis role="keywordflow">if</emphasis>&#32;(a1-&gt;freq&#32;==&#32;a2-&gt;freq)&#32;{
<anchor xml:id="_matriz_8c_source_1l00098"/>00098 &#32;&#32;&#32;&#32;&#32;&#32;&#32;&#32;&#32;&#32;&#32;&#32;&#32;&#32;&#32;&#32;<emphasis role="keywordtype">int</emphasis>&#32;dx&#32;=&#32;a2-&gt;linha&#32;-&#32;a1-&gt;linha;
<anchor xml:id="_matriz_8c_source_1l00099"/>00099 &#32;&#32;&#32;&#32;&#32;&#32;&#32;&#32;&#32;&#32;&#32;&#32;&#32;&#32;&#32;&#32;<emphasis role="keywordtype">int</emphasis>&#32;dy&#32;=&#32;a2-&gt;coluna&#32;-&#32;a1-&gt;coluna;
<anchor xml:id="_matriz_8c_source_1l00100"/>00100 
<anchor xml:id="_matriz_8c_source_1l00101"/>00101 &#32;&#32;&#32;&#32;&#32;&#32;&#32;&#32;&#32;&#32;&#32;&#32;&#32;&#32;&#32;&#32;<emphasis role="comment">//&#32;Geração&#32;antes&#32;da&#32;primeira&#32;antena</emphasis>
<anchor xml:id="_matriz_8c_source_1l00102"/>00102 &#32;&#32;&#32;&#32;&#32;&#32;&#32;&#32;&#32;&#32;&#32;&#32;&#32;&#32;&#32;&#32;<emphasis role="keywordtype">int</emphasis>&#32;linhaAntes&#32;=&#32;a1-&gt;linha&#32;-&#32;dx;
<anchor xml:id="_matriz_8c_source_1l00103"/>00103 &#32;&#32;&#32;&#32;&#32;&#32;&#32;&#32;&#32;&#32;&#32;&#32;&#32;&#32;&#32;&#32;<emphasis role="keywordtype">int</emphasis>&#32;colunaAntes&#32;=&#32;a1-&gt;coluna&#32;-&#32;dy;
<anchor xml:id="_matriz_8c_source_1l00104"/>00104 &#32;&#32;&#32;&#32;&#32;&#32;&#32;&#32;&#32;&#32;&#32;&#32;&#32;&#32;&#32;&#32;<emphasis role="keywordflow">if</emphasis>&#32;(linhaAntes&#32;&gt;=&#32;0&#32;&amp;&amp;&#32;linhaAntes&#32;&lt;&#32;linhas&#32;&amp;&amp;
<anchor xml:id="_matriz_8c_source_1l00105"/>00105 &#32;&#32;&#32;&#32;&#32;&#32;&#32;&#32;&#32;&#32;&#32;&#32;&#32;&#32;&#32;&#32;&#32;&#32;&#32;&#32;colunaAntes&#32;&gt;=&#32;0&#32;&amp;&amp;&#32;colunaAntes&#32;&lt;&#32;colunas)&#32;{
<anchor xml:id="_matriz_8c_source_1l00106"/>00106 &#32;&#32;&#32;&#32;&#32;&#32;&#32;&#32;&#32;&#32;&#32;&#32;&#32;&#32;&#32;&#32;&#32;&#32;&#32;&#32;matriz[linhaAntes][colunaAntes]&#32;=&#32;<emphasis role="charliteral">&apos;#&apos;</emphasis>;
<anchor xml:id="_matriz_8c_source_1l00107"/>00107 &#32;&#32;&#32;&#32;&#32;&#32;&#32;&#32;&#32;&#32;&#32;&#32;&#32;&#32;&#32;&#32;}
<anchor xml:id="_matriz_8c_source_1l00108"/>00108 
<anchor xml:id="_matriz_8c_source_1l00109"/>00109 &#32;&#32;&#32;&#32;&#32;&#32;&#32;&#32;&#32;&#32;&#32;&#32;&#32;&#32;&#32;&#32;<emphasis role="comment">//&#32;Geração&#32;depois&#32;da&#32;segunda&#32;antena</emphasis>
<anchor xml:id="_matriz_8c_source_1l00110"/>00110 &#32;&#32;&#32;&#32;&#32;&#32;&#32;&#32;&#32;&#32;&#32;&#32;&#32;&#32;&#32;&#32;<emphasis role="keywordtype">int</emphasis>&#32;linhaDepois&#32;=&#32;a2-&gt;linha&#32;+&#32;dx;
<anchor xml:id="_matriz_8c_source_1l00111"/>00111 &#32;&#32;&#32;&#32;&#32;&#32;&#32;&#32;&#32;&#32;&#32;&#32;&#32;&#32;&#32;&#32;<emphasis role="keywordtype">int</emphasis>&#32;colunaDepois&#32;=&#32;a2-&gt;coluna&#32;+&#32;dy;
<anchor xml:id="_matriz_8c_source_1l00112"/>00112 &#32;&#32;&#32;&#32;&#32;&#32;&#32;&#32;&#32;&#32;&#32;&#32;&#32;&#32;&#32;&#32;<emphasis role="keywordflow">if</emphasis>&#32;(linhaDepois&#32;&gt;=&#32;0&#32;&amp;&amp;&#32;linhaDepois&#32;&lt;&#32;linhas&#32;&amp;&amp;
<anchor xml:id="_matriz_8c_source_1l00113"/>00113 &#32;&#32;&#32;&#32;&#32;&#32;&#32;&#32;&#32;&#32;&#32;&#32;&#32;&#32;&#32;&#32;&#32;&#32;&#32;&#32;colunaDepois&#32;&gt;=&#32;0&#32;&amp;&amp;&#32;colunaDepois&#32;&lt;&#32;colunas)&#32;{
<anchor xml:id="_matriz_8c_source_1l00114"/>00114 &#32;&#32;&#32;&#32;&#32;&#32;&#32;&#32;&#32;&#32;&#32;&#32;&#32;&#32;&#32;&#32;&#32;&#32;&#32;&#32;matriz[linhaDepois][colunaDepois]&#32;=&#32;<emphasis role="charliteral">&apos;#&apos;</emphasis>;
<anchor xml:id="_matriz_8c_source_1l00115"/>00115 &#32;&#32;&#32;&#32;&#32;&#32;&#32;&#32;&#32;&#32;&#32;&#32;&#32;&#32;&#32;&#32;}
<anchor xml:id="_matriz_8c_source_1l00116"/>00116 &#32;&#32;&#32;&#32;&#32;&#32;&#32;&#32;&#32;&#32;&#32;&#32;}
<anchor xml:id="_matriz_8c_source_1l00117"/>00117 &#32;&#32;&#32;&#32;&#32;&#32;&#32;&#32;}
<anchor xml:id="_matriz_8c_source_1l00118"/>00118 &#32;&#32;&#32;&#32;}
<anchor xml:id="_matriz_8c_source_1l00119"/>00119 }
<anchor xml:id="_matriz_8c_source_1l00120"/>00120 
<anchor xml:id="_matriz_8c_source_1l00121"/>00121 
<anchor xml:id="_matriz_8c_source_1l00130"/><link linkend="_matriz_8c_1ae03a71ace65214ff61d91e0338498fc2">00130</link> <emphasis role="keywordtype">void</emphasis>&#32;<link linkend="_matriz_8c_1ae03a71ace65214ff61d91e0338498fc2">carregarMatrizDoFicheiro</link>(<emphasis role="keyword">const</emphasis>&#32;<emphasis role="keywordtype">char</emphasis>&#32;*nomeFicheiro,&#32;<link linkend="_struct_antena">Antena</link>&#32;**aux,&#32;<emphasis role="keywordtype">int</emphasis>&#32;*linhas,&#32;<emphasis role="keywordtype">int</emphasis>&#32;*colunas)&#32;{
<anchor xml:id="_matriz_8c_source_1l00131"/>00131 &#32;&#32;&#32;&#32;FILE&#32;*file&#32;=&#32;fopen(nomeFicheiro,&#32;<emphasis role="stringliteral">&quot;r&quot;</emphasis>);
<anchor xml:id="_matriz_8c_source_1l00132"/>00132 &#32;&#32;&#32;&#32;<emphasis role="keywordflow">if</emphasis>&#32;(!file)&#32;{
<anchor xml:id="_matriz_8c_source_1l00133"/>00133 &#32;&#32;&#32;&#32;&#32;&#32;&#32;&#32;perror(<emphasis role="stringliteral">&quot;Erro&#32;ao&#32;abrir&#32;ficheiro&quot;</emphasis>);
<anchor xml:id="_matriz_8c_source_1l00134"/>00134 &#32;&#32;&#32;&#32;&#32;&#32;&#32;&#32;exit(1);
<anchor xml:id="_matriz_8c_source_1l00135"/>00135 &#32;&#32;&#32;&#32;}
<anchor xml:id="_matriz_8c_source_1l00136"/>00136 
<anchor xml:id="_matriz_8c_source_1l00137"/>00137 &#32;&#32;&#32;&#32;<emphasis role="keywordtype">char</emphasis>&#32;linha[256];
<anchor xml:id="_matriz_8c_source_1l00138"/>00138 &#32;&#32;&#32;&#32;<emphasis role="keywordtype">int</emphasis>&#32;i&#32;=&#32;0,&#32;maxCol&#32;=&#32;0;
<anchor xml:id="_matriz_8c_source_1l00139"/>00139 &#32;&#32;&#32;&#32;<emphasis role="keywordflow">while</emphasis>&#32;(fgets(linha,&#32;<emphasis role="keyword">sizeof</emphasis>(linha),&#32;file))&#32;{
<anchor xml:id="_matriz_8c_source_1l00140"/>00140 &#32;&#32;&#32;&#32;&#32;&#32;&#32;&#32;<emphasis role="keywordtype">int</emphasis>&#32;j;
<anchor xml:id="_matriz_8c_source_1l00141"/>00141 &#32;&#32;&#32;&#32;&#32;&#32;&#32;&#32;<emphasis role="keywordflow">for</emphasis>&#32;(j&#32;=&#32;0;&#32;linha[j]&#32;!=&#32;<emphasis role="charliteral">&apos;\0&apos;</emphasis>&#32;&amp;&amp;&#32;linha[j]&#32;!=&#32;<emphasis role="charliteral">&apos;\n&apos;</emphasis>;&#32;j++)&#32;{
<anchor xml:id="_matriz_8c_source_1l00142"/>00142 &#32;&#32;&#32;&#32;&#32;&#32;&#32;&#32;&#32;&#32;&#32;&#32;<emphasis role="keywordflow">if</emphasis>&#32;(linha[j]&#32;!=&#32;<emphasis role="charliteral">&apos;.&apos;</emphasis>)
<anchor xml:id="_matriz_8c_source_1l00143"/>00143 &#32;&#32;&#32;&#32;&#32;&#32;&#32;&#32;&#32;&#32;&#32;&#32;&#32;&#32;&#32;&#32;<link linkend="_antena_8c_1acc0269270f879978a2b329a200244697">inserirAntena</link>(aux,&#32;linha[j],&#32;i,&#32;j);
<anchor xml:id="_matriz_8c_source_1l00144"/>00144 &#32;&#32;&#32;&#32;&#32;&#32;&#32;&#32;}
<anchor xml:id="_matriz_8c_source_1l00145"/>00145 &#32;&#32;&#32;&#32;&#32;&#32;&#32;&#32;<emphasis role="keywordflow">if</emphasis>&#32;(j&#32;&gt;&#32;maxCol)&#32;maxCol&#32;=&#32;j;
<anchor xml:id="_matriz_8c_source_1l00146"/>00146 &#32;&#32;&#32;&#32;&#32;&#32;&#32;&#32;i++;
<anchor xml:id="_matriz_8c_source_1l00147"/>00147 &#32;&#32;&#32;&#32;}
<anchor xml:id="_matriz_8c_source_1l00148"/>00148 &#32;&#32;&#32;&#32;*linhas&#32;=&#32;i;
<anchor xml:id="_matriz_8c_source_1l00149"/>00149 &#32;&#32;&#32;&#32;*colunas&#32;=&#32;maxCol;
<anchor xml:id="_matriz_8c_source_1l00150"/>00150 &#32;&#32;&#32;&#32;fclose(file);
<anchor xml:id="_matriz_8c_source_1l00151"/>00151 }
<anchor xml:id="_matriz_8c_source_1l00152"/>00152 
<anchor xml:id="_matriz_8c_source_1l00153"/>00153 
<anchor xml:id="_matriz_8c_source_1l00159"/><link linkend="_matriz_8c_1a37b39a41a7b261b151581be51bc1dd2b">00159</link> <emphasis role="keywordtype">void</emphasis>&#32;<link linkend="_matriz_8c_1a37b39a41a7b261b151581be51bc1dd2b">listarNefastos</link>(<link linkend="_struct_node">Node</link>&#32;*aux)&#32;{
<anchor xml:id="_matriz_8c_source_1l00160"/>00160 &#32;&#32;&#32;&#32;<emphasis role="comment">//setlocale(LC_ALL,&#32;&quot;C&quot;);</emphasis>
<anchor xml:id="_matriz_8c_source_1l00161"/>00161 &#32;&#32;&#32;&#32;printf(<emphasis role="stringliteral">&quot;%-10s&#32;%-10s\n&quot;</emphasis>,&#32;<emphasis role="stringliteral">&quot;Linha&quot;</emphasis>,&#32;<emphasis role="stringliteral">&quot;Coluna&quot;</emphasis>);
<anchor xml:id="_matriz_8c_source_1l00162"/>00162 &#32;&#32;&#32;&#32;printf(<emphasis role="stringliteral">&quot;%-10s&#32;%-10s\n&quot;</emphasis>,&#32;<emphasis role="stringliteral">&quot;-----&quot;</emphasis>,&#32;<emphasis role="stringliteral">&quot;------&quot;</emphasis>);
<anchor xml:id="_matriz_8c_source_1l00163"/>00163 &#32;&#32;&#32;&#32;<emphasis role="keywordflow">for</emphasis>&#32;(;&#32;aux;&#32;aux&#32;=&#32;aux-&gt;next)
<anchor xml:id="_matriz_8c_source_1l00164"/>00164 &#32;&#32;&#32;&#32;&#32;&#32;&#32;&#32;printf(<emphasis role="stringliteral">&quot;%-10d&#32;%-10d\n&quot;</emphasis>,&#32;aux-&gt;linha,&#32;aux-&gt;coluna);
<anchor xml:id="_matriz_8c_source_1l00165"/>00165 }
<anchor xml:id="_matriz_8c_source_1l00166"/>00166 
<anchor xml:id="_matriz_8c_source_1l00167"/>00167 
</programlisting></section>
